"Model_Key","Model_Label","Bacteria","Display_Name","combination_id","TMP_lag","PREC_lag","HUM_lag","WET_lag","AIC","BIC","Dev_explained","GCV","CV_RMSE","Max_VIF","n_samples","n_countries","Model_Formula","AIC_diff","rank","is_best"
"B","Model B (TMP, PREC, WET)","3GCREC","3GCR-Ec",16,1,3,NA,2,941.316339329391,1169.25305136753,87.1826277842804,528.743821394479,1.05494475715608,1.05557842575976,691,60,"logit_R ~ s(TMP_scaled_lag, k = 10, bs = 'cr') + s(PREC_scaled_lag, k = 10, bs = 'cr') + s(WET_scaled_lag, k = 10, bs = 'cr') + s(PLS_Comp1, k = 10, bs = 'cr') + s(PLS_Comp2, k = 10, bs = 'cr') + s(PLS_Comp3, k = 10, bs = 'cr') + s(lat, lon, bs = 'sos', k = 20) + s(year, bs = 'cr', k = 8) + s(Region, bs = 're') + climate_zone",0,1,TRUE
"B","Model B (TMP, PREC, WET)","3GCREC","3GCR-Ec",7,1,3,NA,1,941.316428557425,1169.253396397,87.1826282202939,528.74381764117,NA,1.04138646723296,691,60,"logit_R ~ s(TMP_scaled_lag, k = 10, bs = 'cr') + s(PREC_scaled_lag, k = 10, bs = 'cr') + s(WET_scaled_lag, k = 10, bs = 'cr') + s(PLS_Comp1, k = 10, bs = 'cr') + s(PLS_Comp2, k = 10, bs = 'cr') + s(PLS_Comp3, k = 10, bs = 'cr') + s(lat, lon, bs = 'sos', k = 20) + s(year, bs = 'cr', k = 8) + s(Region, bs = 're') + climate_zone",8.9228033971267e-05,2,FALSE
"B","Model B (TMP, PREC, WET)","3GCREC","3GCR-Ec",8,2,3,NA,1,942.279362210015,1164.35567305445,87.116688461265,529.674441852443,NA,1.04108038505225,691,60,"logit_R ~ s(TMP_scaled_lag, k = 10, bs = 'cr') + s(PREC_scaled_lag, k = 10, bs = 'cr') + s(WET_scaled_lag, k = 10, bs = 'cr') + s(PLS_Comp1, k = 10, bs = 'cr') + s(PLS_Comp2, k = 10, bs = 'cr') + s(PLS_Comp3, k = 10, bs = 'cr') + s(lat, lon, bs = 'sos', k = 20) + s(year, bs = 'cr', k = 8) + s(Region, bs = 're') + climate_zone",0.963022880624635,3,FALSE
"B","Model B (TMP, PREC, WET)","3GCREC","3GCR-Ec",17,2,3,NA,2,942.460310318317,1158.48271079418,87.0634614923106,530.266696319925,NA,1.07219388206262,691,60,"logit_R ~ s(TMP_scaled_lag, k = 10, bs = 'cr') + s(PREC_scaled_lag, k = 10, bs = 'cr') + s(WET_scaled_lag, k = 10, bs = 'cr') + s(PLS_Comp1, k = 10, bs = 'cr') + s(PLS_Comp2, k = 10, bs = 'cr') + s(PLS_Comp3, k = 10, bs = 'cr') + s(lat, lon, bs = 'sos', k = 20) + s(year, bs = 'cr', k = 8) + s(Region, bs = 're') + climate_zone",1.1439709889263,4,FALSE
"B","Model B (TMP, PREC, WET)","3GCREC","3GCR-Ec",25,1,3,NA,3,953.89766596153,1177.6895250649,86.9125677705726,532.18110105917,NA,4.41325204793741,691,60,"logit_R ~ s(TMP_scaled_lag, k = 10, bs = 'cr') + s(PREC_scaled_lag, k = 10, bs = 'cr') + s(WET_scaled_lag, k = 10, bs = 'cr') + s(PLS_Comp1, k = 10, bs = 'cr') + s(PLS_Comp2, k = 10, bs = 'cr') + s(PLS_Comp3, k = 10, bs = 'cr') + s(lat, lon, bs = 'sos', k = 20) + s(year, bs = 'cr', k = 8) + s(Region, bs = 're') + climate_zone",12.5813266321395,5,FALSE
"B","Model B (TMP, PREC, WET)","3GCREC","3GCR-Ec",19,1,1,NA,3,953.897845453834,1177.69021742075,86.9125686518697,532.181103975131,NA,1.05375145237888,691,60,"logit_R ~ s(TMP_scaled_lag, k = 10, bs = 'cr') + s(PREC_scaled_lag, k = 10, bs = 'cr') + s(WET_scaled_lag, k = 10, bs = 'cr') + s(PLS_Comp1, k = 10, bs = 'cr') + s(PLS_Comp2, k = 10, bs = 'cr') + s(PLS_Comp3, k = 10, bs = 'cr') + s(lat, lon, bs = 'sos', k = 20) + s(year, bs = 'cr', k = 8) + s(Region, bs = 're') + climate_zone",12.5815061244433,6,FALSE
"B","Model B (TMP, PREC, WET)","3GCREC","3GCR-Ec",22,1,2,NA,3,953.898534268739,1177.69254094701,86.912569250699,532.18110508859,NA,1.01522102274602,691,60,"logit_R ~ s(TMP_scaled_lag, k = 10, bs = 'cr') + s(PREC_scaled_lag, k = 10, bs = 'cr') + s(WET_scaled_lag, k = 10, bs = 'cr') + s(PLS_Comp1, k = 10, bs = 'cr') + s(PLS_Comp2, k = 10, bs = 'cr') + s(PLS_Comp3, k = 10, bs = 'cr') + s(lat, lon, bs = 'sos', k = 20) + s(year, bs = 'cr', k = 8) + s(Region, bs = 're') + climate_zone",12.5821949393486,7,FALSE
"B","Model B (TMP, PREC, WET)","3GCREC","3GCR-Ec",20,2,1,NA,3,954.23103844815,1172.19523894598,86.8574949421177,532.953522765608,NA,1.04389747007982,691,60,"logit_R ~ s(TMP_scaled_lag, k = 10, bs = 'cr') + s(PREC_scaled_lag, k = 10, bs = 'cr') + s(WET_scaled_lag, k = 10, bs = 'cr') + s(PLS_Comp1, k = 10, bs = 'cr') + s(PLS_Comp2, k = 10, bs = 'cr') + s(PLS_Comp3, k = 10, bs = 'cr') + s(lat, lon, bs = 'sos', k = 20) + s(year, bs = 'cr', k = 8) + s(Region, bs = 're') + climate_zone",12.9146991187595,8,FALSE
"B","Model B (TMP, PREC, WET)","3GCREC","3GCR-Ec",23,2,2,NA,3,954.231040183541,1172.19512787138,86.8574939635281,532.953486260901,NA,1.0319760966725,691,60,"logit_R ~ s(TMP_scaled_lag, k = 10, bs = 'cr') + s(PREC_scaled_lag, k = 10, bs = 'cr') + s(WET_scaled_lag, k = 10, bs = 'cr') + s(PLS_Comp1, k = 10, bs = 'cr') + s(PLS_Comp2, k = 10, bs = 'cr') + s(PLS_Comp3, k = 10, bs = 'cr') + s(lat, lon, bs = 'sos', k = 20) + s(year, bs = 'cr', k = 8) + s(Region, bs = 're') + climate_zone",12.9147008541509,9,FALSE
"B","Model B (TMP, PREC, WET)","3GCREC","3GCR-Ec",26,2,3,NA,3,954.857513324173,1166.58934750687,86.7931825875343,533.562262654407,NA,4.42472529798095,691,60,"logit_R ~ s(TMP_scaled_lag, k = 10, bs = 'cr') + s(PREC_scaled_lag, k = 10, bs = 'cr') + s(WET_scaled_lag, k = 10, bs = 'cr') + s(PLS_Comp1, k = 10, bs = 'cr') + s(PLS_Comp2, k = 10, bs = 'cr') + s(PLS_Comp3, k = 10, bs = 'cr') + s(lat, lon, bs = 'sos', k = 20) + s(year, bs = 'cr', k = 8) + s(Region, bs = 're') + climate_zone",13.5411739947823,10,FALSE
"B","Model B (TMP, PREC, WET)","3GCREC","3GCR-Ec",21,3,1,NA,3,955.149094197379,1168.5349447,86.8015390237952,535.466667916097,NA,1.03833914235897,691,60,"logit_R ~ s(TMP_scaled_lag, k = 10, bs = 'cr') + s(PREC_scaled_lag, k = 10, bs = 'cr') + s(WET_scaled_lag, k = 10, bs = 'cr') + s(PLS_Comp1, k = 10, bs = 'cr') + s(PLS_Comp2, k = 10, bs = 'cr') + s(PLS_Comp3, k = 10, bs = 'cr') + s(lat, lon, bs = 'sos', k = 20) + s(year, bs = 'cr', k = 8) + s(Region, bs = 're') + climate_zone",13.8327548679888,11,FALSE
"B","Model B (TMP, PREC, WET)","3GCREC","3GCR-Ec",15,3,2,NA,2,957.678059180238,1170.75627363711,86.7505466082291,536.394251724,NA,4.50574624070508,691,60,"logit_R ~ s(TMP_scaled_lag, k = 10, bs = 'cr') + s(PREC_scaled_lag, k = 10, bs = 'cr') + s(WET_scaled_lag, k = 10, bs = 'cr') + s(PLS_Comp1, k = 10, bs = 'cr') + s(PLS_Comp2, k = 10, bs = 'cr') + s(PLS_Comp3, k = 10, bs = 'cr') + s(lat, lon, bs = 'sos', k = 20) + s(year, bs = 'cr', k = 8) + s(Region, bs = 're') + climate_zone",16.3617198508476,12,FALSE
"B","Model B (TMP, PREC, WET)","3GCREC","3GCR-Ec",12,3,1,NA,2,957.67854270406,1170.75764429703,86.7505448335543,536.394256641764,NA,1.04311063934885,691,60,"logit_R ~ s(TMP_scaled_lag, k = 10, bs = 'cr') + s(PREC_scaled_lag, k = 10, bs = 'cr') + s(WET_scaled_lag, k = 10, bs = 'cr') + s(PLS_Comp1, k = 10, bs = 'cr') + s(PLS_Comp2, k = 10, bs = 'cr') + s(PLS_Comp3, k = 10, bs = 'cr') + s(lat, lon, bs = 'sos', k = 20) + s(year, bs = 'cr', k = 8) + s(Region, bs = 're') + climate_zone",16.3622033746697,13,FALSE
"B","Model B (TMP, PREC, WET)","3GCREC","3GCR-Ec",27,3,3,NA,3,959.009179712255,1181.28377779113,86.8026328152455,535.46644790901,NA,4.41803189395796,691,60,"logit_R ~ s(TMP_scaled_lag, k = 10, bs = 'cr') + s(PREC_scaled_lag, k = 10, bs = 'cr') + s(WET_scaled_lag, k = 10, bs = 'cr') + s(PLS_Comp1, k = 10, bs = 'cr') + s(PLS_Comp2, k = 10, bs = 'cr') + s(PLS_Comp3, k = 10, bs = 'cr') + s(lat, lon, bs = 'sos', k = 20) + s(year, bs = 'cr', k = 8) + s(Region, bs = 're') + climate_zone",17.6928403828643,14,FALSE
"B","Model B (TMP, PREC, WET)","3GCREC","3GCR-Ec",24,3,2,NA,3,959.009646771067,1181.28538233667,86.8026334692325,535.466443358331,NA,1.02327274897231,691,60,"logit_R ~ s(TMP_scaled_lag, k = 10, bs = 'cr') + s(PREC_scaled_lag, k = 10, bs = 'cr') + s(WET_scaled_lag, k = 10, bs = 'cr') + s(PLS_Comp1, k = 10, bs = 'cr') + s(PLS_Comp2, k = 10, bs = 'cr') + s(PLS_Comp3, k = 10, bs = 'cr') + s(lat, lon, bs = 'sos', k = 20) + s(year, bs = 'cr', k = 8) + s(Region, bs = 're') + climate_zone",17.6933074416766,15,FALSE
"B","Model B (TMP, PREC, WET)","3GCREC","3GCR-Ec",18,3,3,NA,2,961.412653051273,1183.23409987798,86.7528210455447,536.393218977917,NA,1.06746391918383,691,60,"logit_R ~ s(TMP_scaled_lag, k = 10, bs = 'cr') + s(PREC_scaled_lag, k = 10, bs = 'cr') + s(WET_scaled_lag, k = 10, bs = 'cr') + s(PLS_Comp1, k = 10, bs = 'cr') + s(PLS_Comp2, k = 10, bs = 'cr') + s(PLS_Comp3, k = 10, bs = 'cr') + s(lat, lon, bs = 'sos', k = 20) + s(year, bs = 'cr', k = 8) + s(Region, bs = 're') + climate_zone",20.0963137218819,16,FALSE
"B","Model B (TMP, PREC, WET)","3GCREC","3GCR-Ec",3,3,1,NA,1,962.193454070311,1176.3024155847,86.6724478373484,537.168509486856,NA,4.44397252607116,691,60,"logit_R ~ s(TMP_scaled_lag, k = 10, bs = 'cr') + s(PREC_scaled_lag, k = 10, bs = 'cr') + s(WET_scaled_lag, k = 10, bs = 'cr') + s(PLS_Comp1, k = 10, bs = 'cr') + s(PLS_Comp2, k = 10, bs = 'cr') + s(PLS_Comp3, k = 10, bs = 'cr') + s(lat, lon, bs = 'sos', k = 20) + s(year, bs = 'cr', k = 8) + s(Region, bs = 're') + climate_zone",20.8771147409202,17,FALSE
"B","Model B (TMP, PREC, WET)","3GCREC","3GCR-Ec",9,3,3,NA,1,965.222356172763,1187.37526925725,86.6823991153659,537.149710016276,NA,1.03212843457176,691,60,"logit_R ~ s(TMP_scaled_lag, k = 10, bs = 'cr') + s(PREC_scaled_lag, k = 10, bs = 'cr') + s(WET_scaled_lag, k = 10, bs = 'cr') + s(PLS_Comp1, k = 10, bs = 'cr') + s(PLS_Comp2, k = 10, bs = 'cr') + s(PLS_Comp3, k = 10, bs = 'cr') + s(lat, lon, bs = 'sos', k = 20) + s(year, bs = 'cr', k = 8) + s(Region, bs = 're') + climate_zone",23.9060168433725,18,FALSE
"B","Model B (TMP, PREC, WET)","3GCREC","3GCR-Ec",6,3,2,NA,1,965.222533679958,1187.37590215068,86.6823995622227,537.149707466537,NA,1.06939887021129,691,60,"logit_R ~ s(TMP_scaled_lag, k = 10, bs = 'cr') + s(PREC_scaled_lag, k = 10, bs = 'cr') + s(WET_scaled_lag, k = 10, bs = 'cr') + s(PLS_Comp1, k = 10, bs = 'cr') + s(PLS_Comp2, k = 10, bs = 'cr') + s(PLS_Comp3, k = 10, bs = 'cr') + s(lat, lon, bs = 'sos', k = 20) + s(year, bs = 'cr', k = 8) + s(Region, bs = 're') + climate_zone",23.9061943505674,19,FALSE
"B","Model B (TMP, PREC, WET)","3GCREC","3GCR-Ec",10,1,1,NA,2,1200.86035365716,1431.47145625899,86.4801313086293,652.651956241448,NA,1.04238532356617,765,74,"logit_R ~ s(TMP_scaled_lag, k = 10, bs = 'cr') + s(PREC_scaled_lag, k = 10, bs = 'cr') + s(WET_scaled_lag, k = 10, bs = 'cr') + s(PLS_Comp1, k = 10, bs = 'cr') + s(PLS_Comp2, k = 10, bs = 'cr') + s(PLS_Comp3, k = 10, bs = 'cr') + s(lat, lon, bs = 'sos', k = 20) + s(year, bs = 'cr', k = 8) + s(Region, bs = 're') + climate_zone",259.544014327767,20,FALSE
"B","Model B (TMP, PREC, WET)","3GCREC","3GCR-Ec",13,1,2,NA,2,1203.95503195439,1442.77955871209,86.4880056278453,652.633822025255,NA,4.37394267521967,765,74,"logit_R ~ s(TMP_scaled_lag, k = 10, bs = 'cr') + s(PREC_scaled_lag, k = 10, bs = 'cr') + s(WET_scaled_lag, k = 10, bs = 'cr') + s(PLS_Comp1, k = 10, bs = 'cr') + s(PLS_Comp2, k = 10, bs = 'cr') + s(PLS_Comp3, k = 10, bs = 'cr') + s(lat, lon, bs = 'sos', k = 20) + s(year, bs = 'cr', k = 8) + s(Region, bs = 're') + climate_zone",262.638692624997,21,FALSE
"B","Model B (TMP, PREC, WET)","3GCREC","3GCR-Ec",14,2,2,NA,2,1204.20159675734,1435.85771911094,86.4289456112951,653.229272805566,NA,4.36723692267645,765,74,"logit_R ~ s(TMP_scaled_lag, k = 10, bs = 'cr') + s(PREC_scaled_lag, k = 10, bs = 'cr') + s(WET_scaled_lag, k = 10, bs = 'cr') + s(PLS_Comp1, k = 10, bs = 'cr') + s(PLS_Comp2, k = 10, bs = 'cr') + s(PLS_Comp3, k = 10, bs = 'cr') + s(lat, lon, bs = 'sos', k = 20) + s(year, bs = 'cr', k = 8) + s(Region, bs = 're') + climate_zone",262.88525742795,22,FALSE
"B","Model B (TMP, PREC, WET)","3GCREC","3GCR-Ec",4,1,2,NA,1,1205.23178657832,1433.01236941718,86.3809502278463,653.209068540215,NA,1.08175973010875,765,74,"logit_R ~ s(TMP_scaled_lag, k = 10, bs = 'cr') + s(PREC_scaled_lag, k = 10, bs = 'cr') + s(WET_scaled_lag, k = 10, bs = 'cr') + s(PLS_Comp1, k = 10, bs = 'cr') + s(PLS_Comp2, k = 10, bs = 'cr') + s(PLS_Comp3, k = 10, bs = 'cr') + s(lat, lon, bs = 'sos', k = 20) + s(year, bs = 'cr', k = 8) + s(Region, bs = 're') + climate_zone",263.91544724893,23,FALSE
"B","Model B (TMP, PREC, WET)","3GCREC","3GCR-Ec",11,2,1,NA,2,1205.77351674918,1431.96893182661,86.3591242894993,653.768360494844,NA,1.03341240325234,765,74,"logit_R ~ s(TMP_scaled_lag, k = 10, bs = 'cr') + s(PREC_scaled_lag, k = 10, bs = 'cr') + s(WET_scaled_lag, k = 10, bs = 'cr') + s(PLS_Comp1, k = 10, bs = 'cr') + s(PLS_Comp2, k = 10, bs = 'cr') + s(PLS_Comp3, k = 10, bs = 'cr') + s(lat, lon, bs = 'sos', k = 20) + s(year, bs = 'cr', k = 8) + s(Region, bs = 're') + climate_zone",264.457177419787,24,FALSE
"B","Model B (TMP, PREC, WET)","3GCREC","3GCR-Ec",5,2,2,NA,1,1206.40855392985,1427.80042956742,86.3107950447864,654.01273588304,NA,1.07029627160736,765,74,"logit_R ~ s(TMP_scaled_lag, k = 10, bs = 'cr') + s(PREC_scaled_lag, k = 10, bs = 'cr') + s(WET_scaled_lag, k = 10, bs = 'cr') + s(PLS_Comp1, k = 10, bs = 'cr') + s(PLS_Comp2, k = 10, bs = 'cr') + s(PLS_Comp3, k = 10, bs = 'cr') + s(lat, lon, bs = 'sos', k = 20) + s(year, bs = 'cr', k = 8) + s(Region, bs = 're') + climate_zone",265.092214600461,25,FALSE
"B","Model B (TMP, PREC, WET)","3GCREC","3GCR-Ec",2,2,1,NA,1,1206.4086907826,1427.80076163032,86.3107941016057,654.0127715464,NA,4.43743924181313,765,74,"logit_R ~ s(TMP_scaled_lag, k = 10, bs = 'cr') + s(PREC_scaled_lag, k = 10, bs = 'cr') + s(WET_scaled_lag, k = 10, bs = 'cr') + s(PLS_Comp1, k = 10, bs = 'cr') + s(PLS_Comp2, k = 10, bs = 'cr') + s(PLS_Comp3, k = 10, bs = 'cr') + s(lat, lon, bs = 'sos', k = 20) + s(year, bs = 'cr', k = 8) + s(Region, bs = 're') + climate_zone",265.092351453208,26,FALSE
"B","Model B (TMP, PREC, WET)","3GCREC","3GCR-Ec",1,1,1,NA,1,1404.05788757476,1630.16926997936,87.0703765569467,755.811717674417,NA,4.27484245938225,847,82,"logit_R ~ s(TMP_scaled_lag, k = 10, bs = 'cr') + s(PREC_scaled_lag, k = 10, bs = 'cr') + s(WET_scaled_lag, k = 10, bs = 'cr') + s(PLS_Comp1, k = 10, bs = 'cr') + s(PLS_Comp2, k = 10, bs = 'cr') + s(PLS_Comp3, k = 10, bs = 'cr') + s(lat, lon, bs = 'sos', k = 20) + s(year, bs = 'cr', k = 8) + s(Region, bs = 're') + climate_zone",462.741548245367,27,FALSE
"B","Model B (TMP, PREC, WET)","3GCRKP","3GCR-Kp",21,3,1,NA,3,-137.732440628448,71.5119098246422,89.9619743181741,-11.8303052843665,0.449368966669768,1.04612801033809,545,62,"logit_R ~ s(TMP_scaled_lag, k = 10, bs = 'cr') + s(PREC_scaled_lag, k = 10, bs = 'cr') + s(WET_scaled_lag, k = 10, bs = 'cr') + s(PLS_Comp1, k = 10, bs = 'cr') + s(PLS_Comp2, k = 10, bs = 'cr') + s(PLS_Comp3, k = 10, bs = 'cr') + s(PLS_Comp4, k = 10, bs = 'cr') + s(lat, lon, bs = 'sos', k = 20) + s(year, bs = 'cr', k = 8) + s(Region, bs = 're') + climate_zone",0,1,TRUE
"B","Model B (TMP, PREC, WET)","3GCRKP","3GCR-Kp",3,3,1,NA,1,-136.653692705504,72.4239780876043,89.9406552719858,-11.378068161031,NA,4.2295378735304,545,62,"logit_R ~ s(TMP_scaled_lag, k = 10, bs = 'cr') + s(PREC_scaled_lag, k = 10, bs = 'cr') + s(WET_scaled_lag, k = 10, bs = 'cr') + s(PLS_Comp1, k = 10, bs = 'cr') + s(PLS_Comp2, k = 10, bs = 'cr') + s(PLS_Comp3, k = 10, bs = 'cr') + s(PLS_Comp4, k = 10, bs = 'cr') + s(lat, lon, bs = 'sos', k = 20) + s(year, bs = 'cr', k = 8) + s(Region, bs = 're') + climate_zone",1.07874792294385,2,FALSE
"B","Model B (TMP, PREC, WET)","3GCRKP","3GCR-Kp",19,1,1,NA,3,-135.561886394917,72.7083078957398,89.9135359217787,-11.5152791096466,NA,1.08588431608529,545,62,"logit_R ~ s(TMP_scaled_lag, k = 10, bs = 'cr') + s(PREC_scaled_lag, k = 10, bs = 'cr') + s(WET_scaled_lag, k = 10, bs = 'cr') + s(PLS_Comp1, k = 10, bs = 'cr') + s(PLS_Comp2, k = 10, bs = 'cr') + s(PLS_Comp3, k = 10, bs = 'cr') + s(PLS_Comp4, k = 10, bs = 'cr') + s(lat, lon, bs = 'sos', k = 20) + s(year, bs = 'cr', k = 8) + s(Region, bs = 're') + climate_zone",2.17055423353025,3,FALSE
"B","Model B (TMP, PREC, WET)","3GCRKP","3GCR-Kp",6,3,2,NA,1,-134.635886779504,86.1443164958603,90.0036600522743,-11.556975172204,NA,1.0894378364461,545,62,"logit_R ~ s(TMP_scaled_lag, k = 10, bs = 'cr') + s(PREC_scaled_lag, k = 10, bs = 'cr') + s(WET_scaled_lag, k = 10, bs = 'cr') + s(PLS_Comp1, k = 10, bs = 'cr') + s(PLS_Comp2, k = 10, bs = 'cr') + s(PLS_Comp3, k = 10, bs = 'cr') + s(PLS_Comp4, k = 10, bs = 'cr') + s(lat, lon, bs = 'sos', k = 20) + s(year, bs = 'cr', k = 8) + s(Region, bs = 're') + climate_zone",3.09655384894407,4,FALSE
"B","Model B (TMP, PREC, WET)","3GCRKP","3GCR-Kp",27,3,3,NA,3,-134.295789568926,80.4027451253669,89.9453788153296,-12.0126202291692,NA,4.52870746953779,545,62,"logit_R ~ s(TMP_scaled_lag, k = 10, bs = 'cr') + s(PREC_scaled_lag, k = 10, bs = 'cr') + s(WET_scaled_lag, k = 10, bs = 'cr') + s(PLS_Comp1, k = 10, bs = 'cr') + s(PLS_Comp2, k = 10, bs = 'cr') + s(PLS_Comp3, k = 10, bs = 'cr') + s(PLS_Comp4, k = 10, bs = 'cr') + s(lat, lon, bs = 'sos', k = 20) + s(year, bs = 'cr', k = 8) + s(Region, bs = 're') + climate_zone",3.43665105952203,5,FALSE
"B","Model B (TMP, PREC, WET)","3GCRKP","3GCR-Kp",24,3,2,NA,3,-133.314987003066,91.7099919585775,90.0156311308635,-12.3010177302504,NA,1.04236304697503,545,62,"logit_R ~ s(TMP_scaled_lag, k = 10, bs = 'cr') + s(PREC_scaled_lag, k = 10, bs = 'cr') + s(WET_scaled_lag, k = 10, bs = 'cr') + s(PLS_Comp1, k = 10, bs = 'cr') + s(PLS_Comp2, k = 10, bs = 'cr') + s(PLS_Comp3, k = 10, bs = 'cr') + s(PLS_Comp4, k = 10, bs = 'cr') + s(lat, lon, bs = 'sos', k = 20) + s(year, bs = 'cr', k = 8) + s(Region, bs = 're') + climate_zone",4.4174536253816,6,FALSE
"B","Model B (TMP, PREC, WET)","3GCRKP","3GCR-Kp",15,3,2,NA,2,-133.314925412064,91.7103089286273,90.0156321781824,-12.3010209010764,NA,4.5102680343414,545,62,"logit_R ~ s(TMP_scaled_lag, k = 10, bs = 'cr') + s(PREC_scaled_lag, k = 10, bs = 'cr') + s(WET_scaled_lag, k = 10, bs = 'cr') + s(PLS_Comp1, k = 10, bs = 'cr') + s(PLS_Comp2, k = 10, bs = 'cr') + s(PLS_Comp3, k = 10, bs = 'cr') + s(PLS_Comp4, k = 10, bs = 'cr') + s(lat, lon, bs = 'sos', k = 20) + s(year, bs = 'cr', k = 8) + s(Region, bs = 're') + climate_zone",4.41751521638395,7,FALSE
"B","Model B (TMP, PREC, WET)","3GCRKP","3GCR-Kp",9,3,3,NA,1,-133.228437354128,81.1474372501728,89.922894100313,-11.5742098432769,NA,1.0597039495374,545,62,"logit_R ~ s(TMP_scaled_lag, k = 10, bs = 'cr') + s(PREC_scaled_lag, k = 10, bs = 'cr') + s(WET_scaled_lag, k = 10, bs = 'cr') + s(PLS_Comp1, k = 10, bs = 'cr') + s(PLS_Comp2, k = 10, bs = 'cr') + s(PLS_Comp3, k = 10, bs = 'cr') + s(PLS_Comp4, k = 10, bs = 'cr') + s(lat, lon, bs = 'sos', k = 20) + s(year, bs = 'cr', k = 8) + s(Region, bs = 're') + climate_zone",4.50400327431981,8,FALSE
"B","Model B (TMP, PREC, WET)","3GCRKP","3GCR-Kp",8,2,3,NA,1,-132.482741789376,80.8420123931765,89.9000422071418,-11.7631627591905,NA,1.0408874770429,545,62,"logit_R ~ s(TMP_scaled_lag, k = 10, bs = 'cr') + s(PREC_scaled_lag, k = 10, bs = 'cr') + s(WET_scaled_lag, k = 10, bs = 'cr') + s(PLS_Comp1, k = 10, bs = 'cr') + s(PLS_Comp2, k = 10, bs = 'cr') + s(PLS_Comp3, k = 10, bs = 'cr') + s(PLS_Comp4, k = 10, bs = 'cr') + s(lat, lon, bs = 'sos', k = 20) + s(year, bs = 'cr', k = 8) + s(Region, bs = 're') + climate_zone",5.24969883907175,9,FALSE
"B","Model B (TMP, PREC, WET)","3GCRKP","3GCR-Kp",7,1,3,NA,1,-132.482730210864,80.8420554669466,89.9000422639938,-11.7631614637463,NA,1.06850108463194,545,62,"logit_R ~ s(TMP_scaled_lag, k = 10, bs = 'cr') + s(PREC_scaled_lag, k = 10, bs = 'cr') + s(WET_scaled_lag, k = 10, bs = 'cr') + s(PLS_Comp1, k = 10, bs = 'cr') + s(PLS_Comp2, k = 10, bs = 'cr') + s(PLS_Comp3, k = 10, bs = 'cr') + s(PLS_Comp4, k = 10, bs = 'cr') + s(lat, lon, bs = 'sos', k = 20) + s(year, bs = 'cr', k = 8) + s(Region, bs = 're') + climate_zone",5.2497104175836,10,FALSE
"B","Model B (TMP, PREC, WET)","3GCRKP","3GCR-Kp",25,1,3,NA,3,-132.307374189175,80.8279179301934,89.8951583292593,-11.7490870632209,NA,4.46781704111745,545,62,"logit_R ~ s(TMP_scaled_lag, k = 10, bs = 'cr') + s(PREC_scaled_lag, k = 10, bs = 'cr') + s(WET_scaled_lag, k = 10, bs = 'cr') + s(PLS_Comp1, k = 10, bs = 'cr') + s(PLS_Comp2, k = 10, bs = 'cr') + s(PLS_Comp3, k = 10, bs = 'cr') + s(PLS_Comp4, k = 10, bs = 'cr') + s(lat, lon, bs = 'sos', k = 20) + s(year, bs = 'cr', k = 8) + s(Region, bs = 're') + climate_zone",5.42506643927294,11,FALSE
"B","Model B (TMP, PREC, WET)","3GCRKP","3GCR-Kp",26,2,3,NA,3,-132.307130182914,80.8288452688186,89.8951596969296,-11.7490120848698,NA,4.46826942386393,545,62,"logit_R ~ s(TMP_scaled_lag, k = 10, bs = 'cr') + s(PREC_scaled_lag, k = 10, bs = 'cr') + s(WET_scaled_lag, k = 10, bs = 'cr') + s(PLS_Comp1, k = 10, bs = 'cr') + s(PLS_Comp2, k = 10, bs = 'cr') + s(PLS_Comp3, k = 10, bs = 'cr') + s(PLS_Comp4, k = 10, bs = 'cr') + s(lat, lon, bs = 'sos', k = 20) + s(year, bs = 'cr', k = 8) + s(Region, bs = 're') + climate_zone",5.42531044553317,12,FALSE
"B","Model B (TMP, PREC, WET)","3GCRKP","3GCR-Kp",20,2,1,NA,3,-132.30602215996,80.8324154223221,89.895160381923,-11.749088558758,NA,1.04306872810989,545,62,"logit_R ~ s(TMP_scaled_lag, k = 10, bs = 'cr') + s(PREC_scaled_lag, k = 10, bs = 'cr') + s(WET_scaled_lag, k = 10, bs = 'cr') + s(PLS_Comp1, k = 10, bs = 'cr') + s(PLS_Comp2, k = 10, bs = 'cr') + s(PLS_Comp3, k = 10, bs = 'cr') + s(PLS_Comp4, k = 10, bs = 'cr') + s(lat, lon, bs = 'sos', k = 20) + s(year, bs = 'cr', k = 8) + s(Region, bs = 're') + climate_zone",5.42641846848761,13,FALSE
"B","Model B (TMP, PREC, WET)","3GCRKP","3GCR-Kp",23,2,2,NA,3,-131.494703601597,91.9073447228507,89.9683457156973,-12.0619205887331,NA,1.07207431801693,545,62,"logit_R ~ s(TMP_scaled_lag, k = 10, bs = 'cr') + s(PREC_scaled_lag, k = 10, bs = 'cr') + s(WET_scaled_lag, k = 10, bs = 'cr') + s(PLS_Comp1, k = 10, bs = 'cr') + s(PLS_Comp2, k = 10, bs = 'cr') + s(PLS_Comp3, k = 10, bs = 'cr') + s(PLS_Comp4, k = 10, bs = 'cr') + s(lat, lon, bs = 'sos', k = 20) + s(year, bs = 'cr', k = 8) + s(Region, bs = 're') + climate_zone",6.23773702685102,14,FALSE
"B","Model B (TMP, PREC, WET)","3GCRKP","3GCR-Kp",22,1,2,NA,3,-131.494641847689,91.9075362515363,89.9683456898437,-12.0618953679672,NA,1.03057134879926,545,62,"logit_R ~ s(TMP_scaled_lag, k = 10, bs = 'cr') + s(PREC_scaled_lag, k = 10, bs = 'cr') + s(WET_scaled_lag, k = 10, bs = 'cr') + s(PLS_Comp1, k = 10, bs = 'cr') + s(PLS_Comp2, k = 10, bs = 'cr') + s(PLS_Comp3, k = 10, bs = 'cr') + s(PLS_Comp4, k = 10, bs = 'cr') + s(lat, lon, bs = 'sos', k = 20) + s(year, bs = 'cr', k = 8) + s(Region, bs = 're') + climate_zone",6.23779878075857,15,FALSE
"B","Model B (TMP, PREC, WET)","3GCRKP","3GCR-Kp",12,3,1,NA,2,-130.958209376679,93.6577861074815,89.9688616276185,-12.0435798697555,NA,1.06886357512321,545,62,"logit_R ~ s(TMP_scaled_lag, k = 10, bs = 'cr') + s(PREC_scaled_lag, k = 10, bs = 'cr') + s(WET_scaled_lag, k = 10, bs = 'cr') + s(PLS_Comp1, k = 10, bs = 'cr') + s(PLS_Comp2, k = 10, bs = 'cr') + s(PLS_Comp3, k = 10, bs = 'cr') + s(PLS_Comp4, k = 10, bs = 'cr') + s(lat, lon, bs = 'sos', k = 20) + s(year, bs = 'cr', k = 8) + s(Region, bs = 're') + climate_zone",6.77423125176892,16,FALSE
"B","Model B (TMP, PREC, WET)","3GCRKP","3GCR-Kp",18,3,3,NA,2,-130.958065795333,93.6580595741291,89.968860096616,-12.0435239130007,NA,1.07853502990992,545,62,"logit_R ~ s(TMP_scaled_lag, k = 10, bs = 'cr') + s(PREC_scaled_lag, k = 10, bs = 'cr') + s(WET_scaled_lag, k = 10, bs = 'cr') + s(PLS_Comp1, k = 10, bs = 'cr') + s(PLS_Comp2, k = 10, bs = 'cr') + s(PLS_Comp3, k = 10, bs = 'cr') + s(PLS_Comp4, k = 10, bs = 'cr') + s(lat, lon, bs = 'sos', k = 20) + s(year, bs = 'cr', k = 8) + s(Region, bs = 're') + climate_zone",6.77437483311473,17,FALSE
"B","Model B (TMP, PREC, WET)","3GCRKP","3GCR-Kp",16,1,3,NA,2,-128.750655306939,95.0023043932217,89.9207278630348,-11.785929423246,NA,1.05898740697998,545,62,"logit_R ~ s(TMP_scaled_lag, k = 10, bs = 'cr') + s(PREC_scaled_lag, k = 10, bs = 'cr') + s(WET_scaled_lag, k = 10, bs = 'cr') + s(PLS_Comp1, k = 10, bs = 'cr') + s(PLS_Comp2, k = 10, bs = 'cr') + s(PLS_Comp3, k = 10, bs = 'cr') + s(PLS_Comp4, k = 10, bs = 'cr') + s(lat, lon, bs = 'sos', k = 20) + s(year, bs = 'cr', k = 8) + s(Region, bs = 're') + climate_zone",8.98178532150834,18,FALSE
"B","Model B (TMP, PREC, WET)","3GCRKP","3GCR-Kp",17,2,3,NA,2,-128.750616321944,95.0024701708605,89.9207282325012,-11.7859177294446,NA,1.09218117714656,545,62,"logit_R ~ s(TMP_scaled_lag, k = 10, bs = 'cr') + s(PREC_scaled_lag, k = 10, bs = 'cr') + s(WET_scaled_lag, k = 10, bs = 'cr') + s(PLS_Comp1, k = 10, bs = 'cr') + s(PLS_Comp2, k = 10, bs = 'cr') + s(PLS_Comp3, k = 10, bs = 'cr') + s(PLS_Comp4, k = 10, bs = 'cr') + s(lat, lon, bs = 'sos', k = 20) + s(year, bs = 'cr', k = 8) + s(Region, bs = 're') + climate_zone",8.98182430650328,19,FALSE
"B","Model B (TMP, PREC, WET)","3GCRKP","3GCR-Kp",14,2,2,NA,2,-40.6921243411154,183.438699627312,88.3142384910148,31.6084509729311,NA,4.5001044304612,620,75,"logit_R ~ s(TMP_scaled_lag, k = 10, bs = 'cr') + s(PREC_scaled_lag, k = 10, bs = 'cr') + s(WET_scaled_lag, k = 10, bs = 'cr') + s(PLS_Comp1, k = 10, bs = 'cr') + s(PLS_Comp2, k = 10, bs = 'cr') + s(PLS_Comp3, k = 10, bs = 'cr') + s(PLS_Comp4, k = 10, bs = 'cr') + s(lat, lon, bs = 'sos', k = 20) + s(year, bs = 'cr', k = 8) + s(Region, bs = 're') + climate_zone",97.0403162873322,20,FALSE
"B","Model B (TMP, PREC, WET)","3GCRKP","3GCR-Kp",5,2,2,NA,1,-39.6439944066998,192.475594963886,88.3623667098552,29.5874121752843,NA,1.09142060508537,620,75,"logit_R ~ s(TMP_scaled_lag, k = 10, bs = 'cr') + s(PREC_scaled_lag, k = 10, bs = 'cr') + s(WET_scaled_lag, k = 10, bs = 'cr') + s(PLS_Comp1, k = 10, bs = 'cr') + s(PLS_Comp2, k = 10, bs = 'cr') + s(PLS_Comp3, k = 10, bs = 'cr') + s(PLS_Comp4, k = 10, bs = 'cr') + s(lat, lon, bs = 'sos', k = 20) + s(year, bs = 'cr', k = 8) + s(Region, bs = 're') + climate_zone",98.0884462217478,21,FALSE
"B","Model B (TMP, PREC, WET)","3GCRKP","3GCR-Kp",13,1,2,NA,2,-38.9856439133997,190.353591996468,88.3263909386248,29.317418737283,NA,4.44691495845763,620,75,"logit_R ~ s(TMP_scaled_lag, k = 10, bs = 'cr') + s(PREC_scaled_lag, k = 10, bs = 'cr') + s(WET_scaled_lag, k = 10, bs = 'cr') + s(PLS_Comp1, k = 10, bs = 'cr') + s(PLS_Comp2, k = 10, bs = 'cr') + s(PLS_Comp3, k = 10, bs = 'cr') + s(PLS_Comp4, k = 10, bs = 'cr') + s(lat, lon, bs = 'sos', k = 20) + s(year, bs = 'cr', k = 8) + s(Region, bs = 're') + climate_zone",98.7467967150479,22,FALSE
"B","Model B (TMP, PREC, WET)","3GCRKP","3GCR-Kp",4,1,2,NA,1,-36.1488060411925,204.420128337603,88.3683652251916,29.5849389277521,NA,1.10201313637488,620,75,"logit_R ~ s(TMP_scaled_lag, k = 10, bs = 'cr') + s(PREC_scaled_lag, k = 10, bs = 'cr') + s(WET_scaled_lag, k = 10, bs = 'cr') + s(PLS_Comp1, k = 10, bs = 'cr') + s(PLS_Comp2, k = 10, bs = 'cr') + s(PLS_Comp3, k = 10, bs = 'cr') + s(PLS_Comp4, k = 10, bs = 'cr') + s(lat, lon, bs = 'sos', k = 20) + s(year, bs = 'cr', k = 8) + s(Region, bs = 're') + climate_zone",101.583634587255,23,FALSE
"B","Model B (TMP, PREC, WET)","3GCRKP","3GCR-Kp",11,2,1,NA,2,-34.411822324739,188.525037764828,88.1849974983807,33.230811273662,NA,1.05707920764013,620,75,"logit_R ~ s(TMP_scaled_lag, k = 10, bs = 'cr') + s(PREC_scaled_lag, k = 10, bs = 'cr') + s(WET_scaled_lag, k = 10, bs = 'cr') + s(PLS_Comp1, k = 10, bs = 'cr') + s(PLS_Comp2, k = 10, bs = 'cr') + s(PLS_Comp3, k = 10, bs = 'cr') + s(PLS_Comp4, k = 10, bs = 'cr') + s(lat, lon, bs = 'sos', k = 20) + s(year, bs = 'cr', k = 8) + s(Region, bs = 're') + climate_zone",103.320618303709,24,FALSE
"B","Model B (TMP, PREC, WET)","3GCRKP","3GCR-Kp",10,1,1,NA,2,-32.5037320026357,199.27090496955,88.2246089535578,33.128311878025,NA,1.08710183844645,620,75,"logit_R ~ s(TMP_scaled_lag, k = 10, bs = 'cr') + s(PREC_scaled_lag, k = 10, bs = 'cr') + s(WET_scaled_lag, k = 10, bs = 'cr') + s(PLS_Comp1, k = 10, bs = 'cr') + s(PLS_Comp2, k = 10, bs = 'cr') + s(PLS_Comp3, k = 10, bs = 'cr') + s(PLS_Comp4, k = 10, bs = 'cr') + s(lat, lon, bs = 'sos', k = 20) + s(year, bs = 'cr', k = 8) + s(Region, bs = 're') + climate_zone",105.228708625812,25,FALSE
"B","Model B (TMP, PREC, WET)","3GCRKP","3GCR-Kp",2,2,1,NA,1,-29.1149219836479,204.433621599725,88.1753553979988,31.5141966134829,NA,4.38624055730337,620,75,"logit_R ~ s(TMP_scaled_lag, k = 10, bs = 'cr') + s(PREC_scaled_lag, k = 10, bs = 'cr') + s(WET_scaled_lag, k = 10, bs = 'cr') + s(PLS_Comp1, k = 10, bs = 'cr') + s(PLS_Comp2, k = 10, bs = 'cr') + s(PLS_Comp3, k = 10, bs = 'cr') + s(PLS_Comp4, k = 10, bs = 'cr') + s(lat, lon, bs = 'sos', k = 20) + s(year, bs = 'cr', k = 8) + s(Region, bs = 're') + climate_zone",108.6175186448,26,FALSE
"B","Model B (TMP, PREC, WET)","3GCRKP","3GCR-Kp",1,1,1,NA,1,22.4116701702001,269.706482274385,87.4976047115515,60.0577046640186,NA,4.27288986099115,706,86,"logit_R ~ s(TMP_scaled_lag, k = 10, bs = 'cr') + s(PREC_scaled_lag, k = 10, bs = 'cr') + s(WET_scaled_lag, k = 10, bs = 'cr') + s(PLS_Comp1, k = 10, bs = 'cr') + s(PLS_Comp2, k = 10, bs = 'cr') + s(PLS_Comp3, k = 10, bs = 'cr') + s(PLS_Comp4, k = 10, bs = 'cr') + s(lat, lon, bs = 'sos', k = 20) + s(year, bs = 'cr', k = 8) + s(Region, bs = 're') + climate_zone",160.144110798648,27,FALSE
"B","Model B (TMP, PREC, WET)","CRAB","CR-Ab",16,1,3,NA,2,77.4115914604299,229.672291741219,91.8410865190452,73.0279064085437,0.6252898714882,1.09538747821994,294,54,"logit_R ~ s(TMP_scaled_lag, k = 10, bs = 'cr') + s(PREC_scaled_lag, k = 10, bs = 'cr') + s(WET_scaled_lag, k = 10, bs = 'cr') + s(PLS_Comp1, k = 10, bs = 'cr') + s(PLS_Comp2, k = 10, bs = 'cr') + s(PLS_Comp3, k = 10, bs = 'cr') + s(PLS_Comp4, k = 10, bs = 'cr') + s(lat, lon, bs = 'sos', k = 20) + s(year, bs = 'cr', k = 8) + s(Region, bs = 're') + climate_zone",0,1,TRUE
"B","Model B (TMP, PREC, WET)","CRAB","CR-Ab",8,2,3,NA,1,77.411618869897,229.672370359334,91.8410865299868,73.0279222575714,NA,1.02186417951836,294,54,"logit_R ~ s(TMP_scaled_lag, k = 10, bs = 'cr') + s(PREC_scaled_lag, k = 10, bs = 'cr') + s(WET_scaled_lag, k = 10, bs = 'cr') + s(PLS_Comp1, k = 10, bs = 'cr') + s(PLS_Comp2, k = 10, bs = 'cr') + s(PLS_Comp3, k = 10, bs = 'cr') + s(PLS_Comp4, k = 10, bs = 'cr') + s(lat, lon, bs = 'sos', k = 20) + s(year, bs = 'cr', k = 8) + s(Region, bs = 're') + climate_zone",2.74094671084413e-05,2,FALSE
"B","Model B (TMP, PREC, WET)","CRAB","CR-Ab",17,2,3,NA,2,77.4116207904182,229.672410529844,91.8410870530262,73.027913110485,NA,1.14750329324952,294,54,"logit_R ~ s(TMP_scaled_lag, k = 10, bs = 'cr') + s(PREC_scaled_lag, k = 10, bs = 'cr') + s(WET_scaled_lag, k = 10, bs = 'cr') + s(PLS_Comp1, k = 10, bs = 'cr') + s(PLS_Comp2, k = 10, bs = 'cr') + s(PLS_Comp3, k = 10, bs = 'cr') + s(PLS_Comp4, k = 10, bs = 'cr') + s(lat, lon, bs = 'sos', k = 20) + s(year, bs = 'cr', k = 8) + s(Region, bs = 're') + climate_zone",2.93299883651343e-05,3,FALSE
"B","Model B (TMP, PREC, WET)","CRAB","CR-Ab",24,3,2,NA,3,77.8965502074442,249.232145544256,92.1104933680974,73.4263320075796,NA,1.07037802406406,294,54,"logit_R ~ s(TMP_scaled_lag, k = 10, bs = 'cr') + s(PREC_scaled_lag, k = 10, bs = 'cr') + s(WET_scaled_lag, k = 10, bs = 'cr') + s(PLS_Comp1, k = 10, bs = 'cr') + s(PLS_Comp2, k = 10, bs = 'cr') + s(PLS_Comp3, k = 10, bs = 'cr') + s(PLS_Comp4, k = 10, bs = 'cr') + s(lat, lon, bs = 'sos', k = 20) + s(year, bs = 'cr', k = 8) + s(Region, bs = 're') + climate_zone",0.484958747014289,4,FALSE
"B","Model B (TMP, PREC, WET)","CRAB","CR-Ab",15,3,2,NA,2,77.9285759828305,248.686363295359,92.1012097781341,73.6654309533844,NA,4.78094101229688,294,54,"logit_R ~ s(TMP_scaled_lag, k = 10, bs = 'cr') + s(PREC_scaled_lag, k = 10, bs = 'cr') + s(WET_scaled_lag, k = 10, bs = 'cr') + s(PLS_Comp1, k = 10, bs = 'cr') + s(PLS_Comp2, k = 10, bs = 'cr') + s(PLS_Comp3, k = 10, bs = 'cr') + s(PLS_Comp4, k = 10, bs = 'cr') + s(lat, lon, bs = 'sos', k = 20) + s(year, bs = 'cr', k = 8) + s(Region, bs = 're') + climate_zone",0.516984522400634,5,FALSE
"B","Model B (TMP, PREC, WET)","CRAB","CR-Ab",6,3,2,NA,1,77.9287634106641,248.686996637935,92.101211247245,73.6654192630385,NA,1.13359827459184,294,54,"logit_R ~ s(TMP_scaled_lag, k = 10, bs = 'cr') + s(PREC_scaled_lag, k = 10, bs = 'cr') + s(WET_scaled_lag, k = 10, bs = 'cr') + s(PLS_Comp1, k = 10, bs = 'cr') + s(PLS_Comp2, k = 10, bs = 'cr') + s(PLS_Comp3, k = 10, bs = 'cr') + s(PLS_Comp4, k = 10, bs = 'cr') + s(lat, lon, bs = 'sos', k = 20) + s(year, bs = 'cr', k = 8) + s(Region, bs = 're') + climate_zone",0.517171950234228,6,FALSE
"B","Model B (TMP, PREC, WET)","CRAB","CR-Ab",9,3,3,NA,1,79.4796979657274,238.275379796845,91.8820571173748,73.0145190466913,NA,1.0682647493571,294,54,"logit_R ~ s(TMP_scaled_lag, k = 10, bs = 'cr') + s(PREC_scaled_lag, k = 10, bs = 'cr') + s(WET_scaled_lag, k = 10, bs = 'cr') + s(PLS_Comp1, k = 10, bs = 'cr') + s(PLS_Comp2, k = 10, bs = 'cr') + s(PLS_Comp3, k = 10, bs = 'cr') + s(PLS_Comp4, k = 10, bs = 'cr') + s(lat, lon, bs = 'sos', k = 20) + s(year, bs = 'cr', k = 8) + s(Region, bs = 're') + climate_zone",2.06810650529756,7,FALSE
"B","Model B (TMP, PREC, WET)","CRAB","CR-Ab",12,3,1,NA,2,79.479838293353,238.275819419931,91.8820577296686,73.0145519718876,NA,1.06708638162656,294,54,"logit_R ~ s(TMP_scaled_lag, k = 10, bs = 'cr') + s(PREC_scaled_lag, k = 10, bs = 'cr') + s(WET_scaled_lag, k = 10, bs = 'cr') + s(PLS_Comp1, k = 10, bs = 'cr') + s(PLS_Comp2, k = 10, bs = 'cr') + s(PLS_Comp3, k = 10, bs = 'cr') + s(PLS_Comp4, k = 10, bs = 'cr') + s(lat, lon, bs = 'sos', k = 20) + s(year, bs = 'cr', k = 8) + s(Region, bs = 're') + climate_zone",2.06824683292309,8,FALSE
"B","Model B (TMP, PREC, WET)","CRAB","CR-Ab",7,1,3,NA,1,79.6670067597903,230.533838660368,91.7570635819469,74.4230383911756,NA,1.0305080513452,294,54,"logit_R ~ s(TMP_scaled_lag, k = 10, bs = 'cr') + s(PREC_scaled_lag, k = 10, bs = 'cr') + s(WET_scaled_lag, k = 10, bs = 'cr') + s(PLS_Comp1, k = 10, bs = 'cr') + s(PLS_Comp2, k = 10, bs = 'cr') + s(PLS_Comp3, k = 10, bs = 'cr') + s(PLS_Comp4, k = 10, bs = 'cr') + s(lat, lon, bs = 'sos', k = 20) + s(year, bs = 'cr', k = 8) + s(Region, bs = 're') + climate_zone",2.25541529936039,9,FALSE
"B","Model B (TMP, PREC, WET)","CRAB","CR-Ab",22,1,2,NA,3,79.6918509742745,238.586927447754,91.8776880835511,72.3994733287282,NA,1.04168639164914,294,54,"logit_R ~ s(TMP_scaled_lag, k = 10, bs = 'cr') + s(PREC_scaled_lag, k = 10, bs = 'cr') + s(WET_scaled_lag, k = 10, bs = 'cr') + s(PLS_Comp1, k = 10, bs = 'cr') + s(PLS_Comp2, k = 10, bs = 'cr') + s(PLS_Comp3, k = 10, bs = 'cr') + s(PLS_Comp4, k = 10, bs = 'cr') + s(lat, lon, bs = 'sos', k = 20) + s(year, bs = 'cr', k = 8) + s(Region, bs = 're') + climate_zone",2.2802595138446,10,FALSE
"B","Model B (TMP, PREC, WET)","CRAB","CR-Ab",23,2,2,NA,3,79.6918965345203,238.587180940538,91.8776899438572,72.3994801438901,NA,1.10402227643143,294,54,"logit_R ~ s(TMP_scaled_lag, k = 10, bs = 'cr') + s(PREC_scaled_lag, k = 10, bs = 'cr') + s(WET_scaled_lag, k = 10, bs = 'cr') + s(PLS_Comp1, k = 10, bs = 'cr') + s(PLS_Comp2, k = 10, bs = 'cr') + s(PLS_Comp3, k = 10, bs = 'cr') + s(PLS_Comp4, k = 10, bs = 'cr') + s(lat, lon, bs = 'sos', k = 20) + s(year, bs = 'cr', k = 8) + s(Region, bs = 're') + climate_zone",2.28030507409044,11,FALSE
"B","Model B (TMP, PREC, WET)","CRAB","CR-Ab",3,3,1,NA,1,81.9620961531421,239.522956543619,91.7945321439647,74.3918018980874,NA,4.78890038901656,294,54,"logit_R ~ s(TMP_scaled_lag, k = 10, bs = 'cr') + s(PREC_scaled_lag, k = 10, bs = 'cr') + s(WET_scaled_lag, k = 10, bs = 'cr') + s(PLS_Comp1, k = 10, bs = 'cr') + s(PLS_Comp2, k = 10, bs = 'cr') + s(PLS_Comp3, k = 10, bs = 'cr') + s(PLS_Comp4, k = 10, bs = 'cr') + s(lat, lon, bs = 'sos', k = 20) + s(year, bs = 'cr', k = 8) + s(Region, bs = 're') + climate_zone",4.55050469271227,12,FALSE
"B","Model B (TMP, PREC, WET)","CRAB","CR-Ab",18,3,3,NA,2,81.9621179676377,239.523069265942,91.7945329127087,74.3917993780643,NA,1.15793880447635,294,54,"logit_R ~ s(TMP_scaled_lag, k = 10, bs = 'cr') + s(PREC_scaled_lag, k = 10, bs = 'cr') + s(WET_scaled_lag, k = 10, bs = 'cr') + s(PLS_Comp1, k = 10, bs = 'cr') + s(PLS_Comp2, k = 10, bs = 'cr') + s(PLS_Comp3, k = 10, bs = 'cr') + s(PLS_Comp4, k = 10, bs = 'cr') + s(lat, lon, bs = 'sos', k = 20) + s(year, bs = 'cr', k = 8) + s(Region, bs = 're') + climate_zone",4.55052650720786,13,FALSE
"B","Model B (TMP, PREC, WET)","CRAB","CR-Ab",21,3,1,NA,3,83.7568255316511,245.661403415637,91.8102495898386,74.3673978135512,NA,1.06374044881466,294,54,"logit_R ~ s(TMP_scaled_lag, k = 10, bs = 'cr') + s(PREC_scaled_lag, k = 10, bs = 'cr') + s(WET_scaled_lag, k = 10, bs = 'cr') + s(PLS_Comp1, k = 10, bs = 'cr') + s(PLS_Comp2, k = 10, bs = 'cr') + s(PLS_Comp3, k = 10, bs = 'cr') + s(PLS_Comp4, k = 10, bs = 'cr') + s(lat, lon, bs = 'sos', k = 20) + s(year, bs = 'cr', k = 8) + s(Region, bs = 're') + climate_zone",6.34523407122126,14,FALSE
"B","Model B (TMP, PREC, WET)","CRAB","CR-Ab",27,3,3,NA,3,83.7568886781123,245.661622541461,91.8102501899341,74.367405017862,NA,4.69991000116008,294,54,"logit_R ~ s(TMP_scaled_lag, k = 10, bs = 'cr') + s(PREC_scaled_lag, k = 10, bs = 'cr') + s(WET_scaled_lag, k = 10, bs = 'cr') + s(PLS_Comp1, k = 10, bs = 'cr') + s(PLS_Comp2, k = 10, bs = 'cr') + s(PLS_Comp3, k = 10, bs = 'cr') + s(PLS_Comp4, k = 10, bs = 'cr') + s(lat, lon, bs = 'sos', k = 20) + s(year, bs = 'cr', k = 8) + s(Region, bs = 're') + climate_zone",6.34529721768239,15,FALSE
"B","Model B (TMP, PREC, WET)","CRAB","CR-Ab",26,2,3,NA,3,84.0580827732075,234.446073952834,91.6256238718648,73.7821816954674,NA,4.60840705228317,294,54,"logit_R ~ s(TMP_scaled_lag, k = 10, bs = 'cr') + s(PREC_scaled_lag, k = 10, bs = 'cr') + s(WET_scaled_lag, k = 10, bs = 'cr') + s(PLS_Comp1, k = 10, bs = 'cr') + s(PLS_Comp2, k = 10, bs = 'cr') + s(PLS_Comp3, k = 10, bs = 'cr') + s(PLS_Comp4, k = 10, bs = 'cr') + s(lat, lon, bs = 'sos', k = 20) + s(year, bs = 'cr', k = 8) + s(Region, bs = 're') + climate_zone",6.6464913127776,16,FALSE
"B","Model B (TMP, PREC, WET)","CRAB","CR-Ab",20,2,1,NA,3,84.0580972715896,234.44613962867,91.6256242503758,73.7821811122763,NA,1.04552247033116,294,54,"logit_R ~ s(TMP_scaled_lag, k = 10, bs = 'cr') + s(PREC_scaled_lag, k = 10, bs = 'cr') + s(WET_scaled_lag, k = 10, bs = 'cr') + s(PLS_Comp1, k = 10, bs = 'cr') + s(PLS_Comp2, k = 10, bs = 'cr') + s(PLS_Comp3, k = 10, bs = 'cr') + s(PLS_Comp4, k = 10, bs = 'cr') + s(lat, lon, bs = 'sos', k = 20) + s(year, bs = 'cr', k = 8) + s(Region, bs = 're') + climate_zone",6.64650581115974,17,FALSE
"B","Model B (TMP, PREC, WET)","CRAB","CR-Ab",25,1,3,NA,3,84.8789396906831,231.181816789929,91.5386149701274,74.4406290960153,NA,4.60477796793922,294,54,"logit_R ~ s(TMP_scaled_lag, k = 10, bs = 'cr') + s(PREC_scaled_lag, k = 10, bs = 'cr') + s(WET_scaled_lag, k = 10, bs = 'cr') + s(PLS_Comp1, k = 10, bs = 'cr') + s(PLS_Comp2, k = 10, bs = 'cr') + s(PLS_Comp3, k = 10, bs = 'cr') + s(PLS_Comp4, k = 10, bs = 'cr') + s(lat, lon, bs = 'sos', k = 20) + s(year, bs = 'cr', k = 8) + s(Region, bs = 're') + climate_zone",7.46734823025325,18,FALSE
"B","Model B (TMP, PREC, WET)","CRAB","CR-Ab",19,1,1,NA,3,90.8125753270898,226.356663841757,91.1928463397152,75.712509981925,NA,1.07708521983867,294,54,"logit_R ~ s(TMP_scaled_lag, k = 10, bs = 'cr') + s(PREC_scaled_lag, k = 10, bs = 'cr') + s(WET_scaled_lag, k = 10, bs = 'cr') + s(PLS_Comp1, k = 10, bs = 'cr') + s(PLS_Comp2, k = 10, bs = 'cr') + s(PLS_Comp3, k = 10, bs = 'cr') + s(PLS_Comp4, k = 10, bs = 'cr') + s(lat, lon, bs = 'sos', k = 20) + s(year, bs = 'cr', k = 8) + s(Region, bs = 're') + climate_zone",13.40098386666,19,FALSE
"B","Model B (TMP, PREC, WET)","CRAB","CR-Ab",5,2,2,NA,1,92.2262837329666,281.228710948105,91.5982773151871,91.4277656183829,NA,1.15013171529943,360,66,"logit_R ~ s(TMP_scaled_lag, k = 10, bs = 'cr') + s(PREC_scaled_lag, k = 10, bs = 'cr') + s(WET_scaled_lag, k = 10, bs = 'cr') + s(PLS_Comp1, k = 10, bs = 'cr') + s(PLS_Comp2, k = 10, bs = 'cr') + s(PLS_Comp3, k = 10, bs = 'cr') + s(PLS_Comp4, k = 10, bs = 'cr') + s(lat, lon, bs = 'sos', k = 20) + s(year, bs = 'cr', k = 8) + s(Region, bs = 're') + climate_zone",14.8146922725367,20,FALSE
"B","Model B (TMP, PREC, WET)","CRAB","CR-Ab",13,1,2,NA,2,97.9765949096732,276.266901418596,91.3312565544652,92.7523877465796,NA,4.44542906114015,360,66,"logit_R ~ s(TMP_scaled_lag, k = 10, bs = 'cr') + s(PREC_scaled_lag, k = 10, bs = 'cr') + s(WET_scaled_lag, k = 10, bs = 'cr') + s(PLS_Comp1, k = 10, bs = 'cr') + s(PLS_Comp2, k = 10, bs = 'cr') + s(PLS_Comp3, k = 10, bs = 'cr') + s(PLS_Comp4, k = 10, bs = 'cr') + s(lat, lon, bs = 'sos', k = 20) + s(year, bs = 'cr', k = 8) + s(Region, bs = 're') + climate_zone",20.5650034492433,21,FALSE
"B","Model B (TMP, PREC, WET)","CRAB","CR-Ab",2,2,1,NA,1,98.6682920397167,270.885454182707,91.2388483101539,93.1681059411367,NA,4.5467654871715,360,66,"logit_R ~ s(TMP_scaled_lag, k = 10, bs = 'cr') + s(PREC_scaled_lag, k = 10, bs = 'cr') + s(WET_scaled_lag, k = 10, bs = 'cr') + s(PLS_Comp1, k = 10, bs = 'cr') + s(PLS_Comp2, k = 10, bs = 'cr') + s(PLS_Comp3, k = 10, bs = 'cr') + s(PLS_Comp4, k = 10, bs = 'cr') + s(lat, lon, bs = 'sos', k = 20) + s(year, bs = 'cr', k = 8) + s(Region, bs = 're') + climate_zone",21.2567005792868,22,FALSE
"B","Model B (TMP, PREC, WET)","CRAB","CR-Ab",4,1,2,NA,1,99.6128727412913,287.772741924413,91.4137714699197,92.8843503451453,NA,1.14324332497294,360,66,"logit_R ~ s(TMP_scaled_lag, k = 10, bs = 'cr') + s(PREC_scaled_lag, k = 10, bs = 'cr') + s(WET_scaled_lag, k = 10, bs = 'cr') + s(PLS_Comp1, k = 10, bs = 'cr') + s(PLS_Comp2, k = 10, bs = 'cr') + s(PLS_Comp3, k = 10, bs = 'cr') + s(PLS_Comp4, k = 10, bs = 'cr') + s(lat, lon, bs = 'sos', k = 20) + s(year, bs = 'cr', k = 8) + s(Region, bs = 're') + climate_zone",22.2012812808614,23,FALSE
"B","Model B (TMP, PREC, WET)","CRAB","CR-Ab",14,2,2,NA,2,101.757585770771,279.646046855987,91.2346970827309,94.1939672667646,NA,4.50696488899915,360,66,"logit_R ~ s(TMP_scaled_lag, k = 10, bs = 'cr') + s(PREC_scaled_lag, k = 10, bs = 'cr') + s(WET_scaled_lag, k = 10, bs = 'cr') + s(PLS_Comp1, k = 10, bs = 'cr') + s(PLS_Comp2, k = 10, bs = 'cr') + s(PLS_Comp3, k = 10, bs = 'cr') + s(PLS_Comp4, k = 10, bs = 'cr') + s(lat, lon, bs = 'sos', k = 20) + s(year, bs = 'cr', k = 8) + s(Region, bs = 're') + climate_zone",24.3459943103415,24,FALSE
"B","Model B (TMP, PREC, WET)","CRAB","CR-Ab",10,1,1,NA,2,105.314883856397,276.537876780085,91.0628979396637,94.3363205442566,NA,1.11259772854384,360,66,"logit_R ~ s(TMP_scaled_lag, k = 10, bs = 'cr') + s(PREC_scaled_lag, k = 10, bs = 'cr') + s(WET_scaled_lag, k = 10, bs = 'cr') + s(PLS_Comp1, k = 10, bs = 'cr') + s(PLS_Comp2, k = 10, bs = 'cr') + s(PLS_Comp3, k = 10, bs = 'cr') + s(PLS_Comp4, k = 10, bs = 'cr') + s(lat, lon, bs = 'sos', k = 20) + s(year, bs = 'cr', k = 8) + s(Region, bs = 're') + climate_zone",27.903292395967,25,FALSE
"B","Model B (TMP, PREC, WET)","CRAB","CR-Ab",11,2,1,NA,2,112.056183362927,290.11365285311,90.9825040958767,95.6224907623605,NA,1.08121289233914,360,66,"logit_R ~ s(TMP_scaled_lag, k = 10, bs = 'cr') + s(PREC_scaled_lag, k = 10, bs = 'cr') + s(WET_scaled_lag, k = 10, bs = 'cr') + s(PLS_Comp1, k = 10, bs = 'cr') + s(PLS_Comp2, k = 10, bs = 'cr') + s(PLS_Comp3, k = 10, bs = 'cr') + s(PLS_Comp4, k = 10, bs = 'cr') + s(lat, lon, bs = 'sos', k = 20) + s(year, bs = 'cr', k = 8) + s(Region, bs = 're') + climate_zone",34.6445919024969,26,FALSE
"B","Model B (TMP, PREC, WET)","CRAB","CR-Ab",1,1,1,NA,1,158.86868426547,338.487434575404,89.662088240924,127.833775379139,NA,4.36489712289262,429,69,"logit_R ~ s(TMP_scaled_lag, k = 10, bs = 'cr') + s(PREC_scaled_lag, k = 10, bs = 'cr') + s(WET_scaled_lag, k = 10, bs = 'cr') + s(PLS_Comp1, k = 10, bs = 'cr') + s(PLS_Comp2, k = 10, bs = 'cr') + s(PLS_Comp3, k = 10, bs = 'cr') + s(PLS_Comp4, k = 10, bs = 'cr') + s(lat, lon, bs = 'sos', k = 20) + s(year, bs = 'cr', k = 8) + s(Region, bs = 're') + climate_zone",81.4570928050402,27,FALSE
"B","Model B (TMP, PREC, WET)","CREC","CR-Ec",9,3,3,NA,1,-1332.29029031273,-1101.8404488472,82.633971640756,-583.575640264308,0.168773587736004,1.03801487395989,621,59,"logit_R ~ s(TMP_scaled_lag, k = 10, bs = 'cr') + s(PREC_scaled_lag, k = 10, bs = 'cr') + s(WET_scaled_lag, k = 10, bs = 'cr') + s(PLS_Comp1, k = 10, bs = 'cr') + s(PLS_Comp2, k = 10, bs = 'cr') + s(PLS_Comp3, k = 10, bs = 'cr') + s(lat, lon, bs = 'sos', k = 20) + s(year, bs = 'cr', k = 8) + s(Region, bs = 're') + climate_zone",0,1,TRUE
"B","Model B (TMP, PREC, WET)","CREC","CR-Ec",6,3,2,NA,1,-1332.29016595133,-1101.84009496417,82.6339710599023,-583.575627037867,NA,1.0672523260101,621,59,"logit_R ~ s(TMP_scaled_lag, k = 10, bs = 'cr') + s(PREC_scaled_lag, k = 10, bs = 'cr') + s(WET_scaled_lag, k = 10, bs = 'cr') + s(PLS_Comp1, k = 10, bs = 'cr') + s(PLS_Comp2, k = 10, bs = 'cr') + s(PLS_Comp3, k = 10, bs = 'cr') + s(lat, lon, bs = 'sos', k = 20) + s(year, bs = 'cr', k = 8) + s(Region, bs = 're') + climate_zone",0.000124361400139605,2,FALSE
"B","Model B (TMP, PREC, WET)","CREC","CR-Ec",3,3,1,NA,1,-1325.64252313001,-1113.38020009186,82.2135095471671,-581.897998957757,NA,4.68758746514786,621,59,"logit_R ~ s(TMP_scaled_lag, k = 10, bs = 'cr') + s(PREC_scaled_lag, k = 10, bs = 'cr') + s(WET_scaled_lag, k = 10, bs = 'cr') + s(PLS_Comp1, k = 10, bs = 'cr') + s(PLS_Comp2, k = 10, bs = 'cr') + s(PLS_Comp3, k = 10, bs = 'cr') + s(lat, lon, bs = 'sos', k = 20) + s(year, bs = 'cr', k = 8) + s(Region, bs = 're') + climate_zone",6.64776718272083,3,FALSE
"B","Model B (TMP, PREC, WET)","CREC","CR-Ec",12,3,1,NA,2,-1324.89066857859,-1094.82073825026,82.4209531621706,-584.328162749826,NA,1.04003769801325,621,59,"logit_R ~ s(TMP_scaled_lag, k = 10, bs = 'cr') + s(PREC_scaled_lag, k = 10, bs = 'cr') + s(WET_scaled_lag, k = 10, bs = 'cr') + s(PLS_Comp1, k = 10, bs = 'cr') + s(PLS_Comp2, k = 10, bs = 'cr') + s(PLS_Comp3, k = 10, bs = 'cr') + s(lat, lon, bs = 'sos', k = 20) + s(year, bs = 'cr', k = 8) + s(Region, bs = 're') + climate_zone",7.39962173413528,4,FALSE
"B","Model B (TMP, PREC, WET)","CREC","CR-Ec",18,3,3,NA,2,-1324.89038466268,-1094.81946934709,82.4209577095106,-584.328155375016,NA,1.06352916684671,621,59,"logit_R ~ s(TMP_scaled_lag, k = 10, bs = 'cr') + s(PREC_scaled_lag, k = 10, bs = 'cr') + s(WET_scaled_lag, k = 10, bs = 'cr') + s(PLS_Comp1, k = 10, bs = 'cr') + s(PLS_Comp2, k = 10, bs = 'cr') + s(PLS_Comp3, k = 10, bs = 'cr') + s(lat, lon, bs = 'sos', k = 20) + s(year, bs = 'cr', k = 8) + s(Region, bs = 're') + climate_zone",7.39990565004541,5,FALSE
"B","Model B (TMP, PREC, WET)","CREC","CR-Ec",15,3,2,NA,2,-1324.88984585006,-1094.81782192242,82.4209566207729,-584.328047121698,NA,4.77180504478359,621,59,"logit_R ~ s(TMP_scaled_lag, k = 10, bs = 'cr') + s(PREC_scaled_lag, k = 10, bs = 'cr') + s(WET_scaled_lag, k = 10, bs = 'cr') + s(PLS_Comp1, k = 10, bs = 'cr') + s(PLS_Comp2, k = 10, bs = 'cr') + s(PLS_Comp3, k = 10, bs = 'cr') + s(lat, lon, bs = 'sos', k = 20) + s(year, bs = 'cr', k = 8) + s(Region, bs = 're') + climate_zone",7.40044446266961,6,FALSE
"B","Model B (TMP, PREC, WET)","CREC","CR-Ec",21,3,1,NA,3,-1324.38810262287,-1098.59224046647,82.3519856922224,-583.859866442326,NA,1.04189911298369,621,59,"logit_R ~ s(TMP_scaled_lag, k = 10, bs = 'cr') + s(PREC_scaled_lag, k = 10, bs = 'cr') + s(WET_scaled_lag, k = 10, bs = 'cr') + s(PLS_Comp1, k = 10, bs = 'cr') + s(PLS_Comp2, k = 10, bs = 'cr') + s(PLS_Comp3, k = 10, bs = 'cr') + s(lat, lon, bs = 'sos', k = 20) + s(year, bs = 'cr', k = 8) + s(Region, bs = 're') + climate_zone",7.90218768985665,7,FALSE
"B","Model B (TMP, PREC, WET)","CREC","CR-Ec",24,3,2,NA,3,-1324.38803610195,-1098.59207667716,82.3519850493737,-583.859860389393,NA,1.022753688532,621,59,"logit_R ~ s(TMP_scaled_lag, k = 10, bs = 'cr') + s(PREC_scaled_lag, k = 10, bs = 'cr') + s(WET_scaled_lag, k = 10, bs = 'cr') + s(PLS_Comp1, k = 10, bs = 'cr') + s(PLS_Comp2, k = 10, bs = 'cr') + s(PLS_Comp3, k = 10, bs = 'cr') + s(lat, lon, bs = 'sos', k = 20) + s(year, bs = 'cr', k = 8) + s(Region, bs = 're') + climate_zone",7.90225421078003,8,FALSE
"B","Model B (TMP, PREC, WET)","CREC","CR-Ec",27,3,3,NA,3,-1324.19946128315,-1097.25539347862,82.3613494494084,-583.863310807578,NA,4.59468216350397,621,59,"logit_R ~ s(TMP_scaled_lag, k = 10, bs = 'cr') + s(PREC_scaled_lag, k = 10, bs = 'cr') + s(WET_scaled_lag, k = 10, bs = 'cr') + s(PLS_Comp1, k = 10, bs = 'cr') + s(PLS_Comp2, k = 10, bs = 'cr') + s(PLS_Comp3, k = 10, bs = 'cr') + s(lat, lon, bs = 'sos', k = 20) + s(year, bs = 'cr', k = 8) + s(Region, bs = 're') + climate_zone",8.09082902958039,9,FALSE
"B","Model B (TMP, PREC, WET)","CREC","CR-Ec",17,2,3,NA,2,-1321.2981475161,-1095.88843277434,82.2589761153819,-583.352435455656,NA,1.07219901868211,621,59,"logit_R ~ s(TMP_scaled_lag, k = 10, bs = 'cr') + s(PREC_scaled_lag, k = 10, bs = 'cr') + s(WET_scaled_lag, k = 10, bs = 'cr') + s(PLS_Comp1, k = 10, bs = 'cr') + s(PLS_Comp2, k = 10, bs = 'cr') + s(PLS_Comp3, k = 10, bs = 'cr') + s(lat, lon, bs = 'sos', k = 20) + s(year, bs = 'cr', k = 8) + s(Region, bs = 're') + climate_zone",10.9921427966312,10,FALSE
"B","Model B (TMP, PREC, WET)","CREC","CR-Ec",8,2,3,NA,1,-1321.21044491409,-1094.57351937657,82.2722890696234,-583.358987652309,NA,1.04584582498723,621,59,"logit_R ~ s(TMP_scaled_lag, k = 10, bs = 'cr') + s(PREC_scaled_lag, k = 10, bs = 'cr') + s(WET_scaled_lag, k = 10, bs = 'cr') + s(PLS_Comp1, k = 10, bs = 'cr') + s(PLS_Comp2, k = 10, bs = 'cr') + s(PLS_Comp3, k = 10, bs = 'cr') + s(lat, lon, bs = 'sos', k = 20) + s(year, bs = 'cr', k = 8) + s(Region, bs = 're') + climate_zone",11.0798453986356,11,FALSE
"B","Model B (TMP, PREC, WET)","CREC","CR-Ec",16,1,3,NA,2,-1320.99615866401,-1091.90415340494,82.2977851743187,-583.407961243872,NA,1.0522250597496,621,59,"logit_R ~ s(TMP_scaled_lag, k = 10, bs = 'cr') + s(PREC_scaled_lag, k = 10, bs = 'cr') + s(WET_scaled_lag, k = 10, bs = 'cr') + s(PLS_Comp1, k = 10, bs = 'cr') + s(PLS_Comp2, k = 10, bs = 'cr') + s(PLS_Comp3, k = 10, bs = 'cr') + s(lat, lon, bs = 'sos', k = 20) + s(year, bs = 'cr', k = 8) + s(Region, bs = 're') + climate_zone",11.2941316487156,12,FALSE
"B","Model B (TMP, PREC, WET)","CREC","CR-Ec",7,1,3,NA,1,-1320.719098562,-1089.19398805318,82.3211753232187,-583.346444257834,NA,1.04983311168197,621,59,"logit_R ~ s(TMP_scaled_lag, k = 10, bs = 'cr') + s(PREC_scaled_lag, k = 10, bs = 'cr') + s(WET_scaled_lag, k = 10, bs = 'cr') + s(PLS_Comp1, k = 10, bs = 'cr') + s(PLS_Comp2, k = 10, bs = 'cr') + s(PLS_Comp3, k = 10, bs = 'cr') + s(lat, lon, bs = 'sos', k = 20) + s(year, bs = 'cr', k = 8) + s(Region, bs = 're') + climate_zone",11.5711917507313,13,FALSE
"B","Model B (TMP, PREC, WET)","CREC","CR-Ec",20,2,1,NA,3,-1320.14708780895,-1093.60679980185,82.2406600958457,-583.443137874494,NA,1.04653357682199,621,59,"logit_R ~ s(TMP_scaled_lag, k = 10, bs = 'cr') + s(PREC_scaled_lag, k = 10, bs = 'cr') + s(WET_scaled_lag, k = 10, bs = 'cr') + s(PLS_Comp1, k = 10, bs = 'cr') + s(PLS_Comp2, k = 10, bs = 'cr') + s(PLS_Comp3, k = 10, bs = 'cr') + s(lat, lon, bs = 'sos', k = 20) + s(year, bs = 'cr', k = 8) + s(Region, bs = 're') + climate_zone",12.1432025037755,14,FALSE
"B","Model B (TMP, PREC, WET)","CREC","CR-Ec",23,2,2,NA,3,-1320.14704686258,-1093.60666492621,82.2406601372234,-583.443134561317,NA,1.03417723937815,621,59,"logit_R ~ s(TMP_scaled_lag, k = 10, bs = 'cr') + s(PREC_scaled_lag, k = 10, bs = 'cr') + s(WET_scaled_lag, k = 10, bs = 'cr') + s(PLS_Comp1, k = 10, bs = 'cr') + s(PLS_Comp2, k = 10, bs = 'cr') + s(PLS_Comp3, k = 10, bs = 'cr') + s(lat, lon, bs = 'sos', k = 20) + s(year, bs = 'cr', k = 8) + s(Region, bs = 're') + climate_zone",12.143243450151,15,FALSE
"B","Model B (TMP, PREC, WET)","CREC","CR-Ec",26,2,3,NA,3,-1320.14640837903,-1093.60450113771,82.2406615652591,-583.443034813621,NA,4.60097185921053,621,59,"logit_R ~ s(TMP_scaled_lag, k = 10, bs = 'cr') + s(PREC_scaled_lag, k = 10, bs = 'cr') + s(WET_scaled_lag, k = 10, bs = 'cr') + s(PLS_Comp1, k = 10, bs = 'cr') + s(PLS_Comp2, k = 10, bs = 'cr') + s(PLS_Comp3, k = 10, bs = 'cr') + s(lat, lon, bs = 'sos', k = 20) + s(year, bs = 'cr', k = 8) + s(Region, bs = 're') + climate_zone",12.1438819336995,16,FALSE
"B","Model B (TMP, PREC, WET)","CREC","CR-Ec",25,1,3,NA,3,-1319.68554326846,-1089.05921917149,82.2801560354468,-583.37609334933,NA,4.59297354931808,621,59,"logit_R ~ s(TMP_scaled_lag, k = 10, bs = 'cr') + s(PREC_scaled_lag, k = 10, bs = 'cr') + s(WET_scaled_lag, k = 10, bs = 'cr') + s(PLS_Comp1, k = 10, bs = 'cr') + s(PLS_Comp2, k = 10, bs = 'cr') + s(PLS_Comp3, k = 10, bs = 'cr') + s(lat, lon, bs = 'sos', k = 20) + s(year, bs = 'cr', k = 8) + s(Region, bs = 're') + climate_zone",12.6047470442679,17,FALSE
"B","Model B (TMP, PREC, WET)","CREC","CR-Ec",19,1,1,NA,3,-1319.68546708666,-1089.0583852551,82.2801636201036,-583.376094761439,NA,1.05903740360065,621,59,"logit_R ~ s(TMP_scaled_lag, k = 10, bs = 'cr') + s(PREC_scaled_lag, k = 10, bs = 'cr') + s(WET_scaled_lag, k = 10, bs = 'cr') + s(PLS_Comp1, k = 10, bs = 'cr') + s(PLS_Comp2, k = 10, bs = 'cr') + s(PLS_Comp3, k = 10, bs = 'cr') + s(lat, lon, bs = 'sos', k = 20) + s(year, bs = 'cr', k = 8) + s(Region, bs = 're') + climate_zone",12.604823226068,18,FALSE
"B","Model B (TMP, PREC, WET)","CREC","CR-Ec",22,1,2,NA,3,-1319.68545471104,-1089.05902026879,82.2801549295941,-583.376080022738,NA,1.01534555945615,621,59,"logit_R ~ s(TMP_scaled_lag, k = 10, bs = 'cr') + s(PREC_scaled_lag, k = 10, bs = 'cr') + s(WET_scaled_lag, k = 10, bs = 'cr') + s(PLS_Comp1, k = 10, bs = 'cr') + s(PLS_Comp2, k = 10, bs = 'cr') + s(PLS_Comp3, k = 10, bs = 'cr') + s(lat, lon, bs = 'sos', k = 20) + s(year, bs = 'cr', k = 8) + s(Region, bs = 're') + climate_zone",12.604835601692,19,FALSE
"B","Model B (TMP, PREC, WET)","CREC","CR-Ec",13,1,2,NA,2,-918.25624308087,-718.260537640688,66.7293774123091,-414.842409346058,NA,4.57555233860582,693,72,"logit_R ~ s(TMP_scaled_lag, k = 10, bs = 'cr') + s(PREC_scaled_lag, k = 10, bs = 'cr') + s(WET_scaled_lag, k = 10, bs = 'cr') + s(PLS_Comp1, k = 10, bs = 'cr') + s(PLS_Comp2, k = 10, bs = 'cr') + s(PLS_Comp3, k = 10, bs = 'cr') + s(lat, lon, bs = 'sos', k = 20) + s(year, bs = 'cr', k = 8) + s(Region, bs = 're') + climate_zone",414.034047231859,20,FALSE
"B","Model B (TMP, PREC, WET)","CREC","CR-Ec",10,1,1,NA,2,-918.256136219899,-718.26051953346,66.7293704052816,-414.84241501507,NA,1.04459754533942,693,72,"logit_R ~ s(TMP_scaled_lag, k = 10, bs = 'cr') + s(PREC_scaled_lag, k = 10, bs = 'cr') + s(WET_scaled_lag, k = 10, bs = 'cr') + s(PLS_Comp1, k = 10, bs = 'cr') + s(PLS_Comp2, k = 10, bs = 'cr') + s(PLS_Comp3, k = 10, bs = 'cr') + s(lat, lon, bs = 'sos', k = 20) + s(year, bs = 'cr', k = 8) + s(Region, bs = 're') + climate_zone",414.03415409283,21,FALSE
"B","Model B (TMP, PREC, WET)","CREC","CR-Ec",4,1,2,NA,1,-912.831073190661,-719.223994896252,66.3314706305844,-415.838785542229,NA,1.0803275980206,693,72,"logit_R ~ s(TMP_scaled_lag, k = 10, bs = 'cr') + s(PREC_scaled_lag, k = 10, bs = 'cr') + s(WET_scaled_lag, k = 10, bs = 'cr') + s(PLS_Comp1, k = 10, bs = 'cr') + s(PLS_Comp2, k = 10, bs = 'cr') + s(PLS_Comp3, k = 10, bs = 'cr') + s(lat, lon, bs = 'sos', k = 20) + s(year, bs = 'cr', k = 8) + s(Region, bs = 're') + climate_zone",419.459217122068,22,FALSE
"B","Model B (TMP, PREC, WET)","CREC","CR-Ec",2,2,1,NA,1,-901.203330485649,-713.564567111588,65.6316699431201,-413.248705321297,NA,4.70458745706772,693,72,"logit_R ~ s(TMP_scaled_lag, k = 10, bs = 'cr') + s(PREC_scaled_lag, k = 10, bs = 'cr') + s(WET_scaled_lag, k = 10, bs = 'cr') + s(PLS_Comp1, k = 10, bs = 'cr') + s(PLS_Comp2, k = 10, bs = 'cr') + s(PLS_Comp3, k = 10, bs = 'cr') + s(lat, lon, bs = 'sos', k = 20) + s(year, bs = 'cr', k = 8) + s(Region, bs = 're') + climate_zone",431.086959827079,23,FALSE
"B","Model B (TMP, PREC, WET)","CREC","CR-Ec",5,2,2,NA,1,-901.203174349687,-713.563963554918,65.6316719725359,-413.248678264519,NA,1.064313248451,693,72,"logit_R ~ s(TMP_scaled_lag, k = 10, bs = 'cr') + s(PREC_scaled_lag, k = 10, bs = 'cr') + s(WET_scaled_lag, k = 10, bs = 'cr') + s(PLS_Comp1, k = 10, bs = 'cr') + s(PLS_Comp2, k = 10, bs = 'cr') + s(PLS_Comp3, k = 10, bs = 'cr') + s(lat, lon, bs = 'sos', k = 20) + s(year, bs = 'cr', k = 8) + s(Region, bs = 're') + climate_zone",431.087115963042,24,FALSE
"B","Model B (TMP, PREC, WET)","CREC","CR-Ec",14,2,2,NA,2,-900.316005887861,-712.973601108138,65.5811540878418,-413.071046124305,NA,4.56767819652818,693,72,"logit_R ~ s(TMP_scaled_lag, k = 10, bs = 'cr') + s(PREC_scaled_lag, k = 10, bs = 'cr') + s(WET_scaled_lag, k = 10, bs = 'cr') + s(PLS_Comp1, k = 10, bs = 'cr') + s(PLS_Comp2, k = 10, bs = 'cr') + s(PLS_Comp3, k = 10, bs = 'cr') + s(lat, lon, bs = 'sos', k = 20) + s(year, bs = 'cr', k = 8) + s(Region, bs = 're') + climate_zone",431.974284424868,25,FALSE
"B","Model B (TMP, PREC, WET)","CREC","CR-Ec",11,2,1,NA,2,-900.315673910478,-712.97291392016,65.5811453697687,-413.071044014737,NA,1.03186986090898,693,72,"logit_R ~ s(TMP_scaled_lag, k = 10, bs = 'cr') + s(PREC_scaled_lag, k = 10, bs = 'cr') + s(WET_scaled_lag, k = 10, bs = 'cr') + s(PLS_Comp1, k = 10, bs = 'cr') + s(PLS_Comp2, k = 10, bs = 'cr') + s(PLS_Comp3, k = 10, bs = 'cr') + s(lat, lon, bs = 'sos', k = 20) + s(year, bs = 'cr', k = 8) + s(Region, bs = 're') + climate_zone",431.974616402251,26,FALSE
"B","Model B (TMP, PREC, WET)","CREC","CR-Ec",1,1,1,NA,1,-860.827665706506,-698.979037087973,62.5989980920035,-403.04560933009,NA,4.46560521658488,773,80,"logit_R ~ s(TMP_scaled_lag, k = 10, bs = 'cr') + s(PREC_scaled_lag, k = 10, bs = 'cr') + s(WET_scaled_lag, k = 10, bs = 'cr') + s(PLS_Comp1, k = 10, bs = 'cr') + s(PLS_Comp2, k = 10, bs = 'cr') + s(PLS_Comp3, k = 10, bs = 'cr') + s(lat, lon, bs = 'sos', k = 20) + s(year, bs = 'cr', k = 8) + s(Region, bs = 're') + climate_zone",471.462624606223,27,FALSE
"B","Model B (TMP, PREC, WET)","CRKP","CR-Kp",15,3,2,NA,2,331.041974357389,501.495490299313,75.6540662483508,212.078655171166,0.619753199627869,4.63032883546281,521,60,"logit_R ~ s(TMP_scaled_lag, k = 10, bs = 'cr') + s(PREC_scaled_lag, k = 10, bs = 'cr') + s(WET_scaled_lag, k = 10, bs = 'cr') + s(PLS_Comp1, k = 10, bs = 'cr') + s(PLS_Comp2, k = 10, bs = 'cr') + s(PLS_Comp3, k = 10, bs = 'cr') + s(lat, lon, bs = 'sos', k = 20) + s(year, bs = 'cr', k = 8) + s(Region, bs = 're') + climate_zone",0,1,TRUE
"B","Model B (TMP, PREC, WET)","CRKP","CR-Kp",18,3,3,NA,2,332.16677878662,509.130621327945,75.7443074830543,211.940726954616,NA,1.08241855869889,521,60,"logit_R ~ s(TMP_scaled_lag, k = 10, bs = 'cr') + s(PREC_scaled_lag, k = 10, bs = 'cr') + s(WET_scaled_lag, k = 10, bs = 'cr') + s(PLS_Comp1, k = 10, bs = 'cr') + s(PLS_Comp2, k = 10, bs = 'cr') + s(PLS_Comp3, k = 10, bs = 'cr') + s(lat, lon, bs = 'sos', k = 20) + s(year, bs = 'cr', k = 8) + s(Region, bs = 're') + climate_zone",1.12480442923146,2,FALSE
"B","Model B (TMP, PREC, WET)","CRKP","CR-Kp",6,3,2,NA,1,332.397999683494,506.984052543936,75.6814374732077,211.731143725596,NA,1.09031403828278,521,60,"logit_R ~ s(TMP_scaled_lag, k = 10, bs = 'cr') + s(PREC_scaled_lag, k = 10, bs = 'cr') + s(WET_scaled_lag, k = 10, bs = 'cr') + s(PLS_Comp1, k = 10, bs = 'cr') + s(PLS_Comp2, k = 10, bs = 'cr') + s(PLS_Comp3, k = 10, bs = 'cr') + s(lat, lon, bs = 'sos', k = 20) + s(year, bs = 'cr', k = 8) + s(Region, bs = 're') + climate_zone",1.35602532610471,3,FALSE
"B","Model B (TMP, PREC, WET)","CRKP","CR-Kp",25,1,3,NA,3,332.535992447051,509.471942138583,75.7265015567793,212.043363836468,NA,4.61927585287631,521,60,"logit_R ~ s(TMP_scaled_lag, k = 10, bs = 'cr') + s(PREC_scaled_lag, k = 10, bs = 'cr') + s(WET_scaled_lag, k = 10, bs = 'cr') + s(PLS_Comp1, k = 10, bs = 'cr') + s(PLS_Comp2, k = 10, bs = 'cr') + s(PLS_Comp3, k = 10, bs = 'cr') + s(lat, lon, bs = 'sos', k = 20) + s(year, bs = 'cr', k = 8) + s(Region, bs = 're') + climate_zone",1.49401808966189,4,FALSE
"B","Model B (TMP, PREC, WET)","CRKP","CR-Kp",17,2,3,NA,2,332.765971545806,509.557575478744,75.7126223397773,212.098804023172,NA,1.097484444675,521,60,"logit_R ~ s(TMP_scaled_lag, k = 10, bs = 'cr') + s(PREC_scaled_lag, k = 10, bs = 'cr') + s(WET_scaled_lag, k = 10, bs = 'cr') + s(PLS_Comp1, k = 10, bs = 'cr') + s(PLS_Comp2, k = 10, bs = 'cr') + s(PLS_Comp3, k = 10, bs = 'cr') + s(lat, lon, bs = 'sos', k = 20) + s(year, bs = 'cr', k = 8) + s(Region, bs = 're') + climate_zone",1.723997188417,5,FALSE
"B","Model B (TMP, PREC, WET)","CRKP","CR-Kp",26,2,3,NA,3,333.028429551198,510.043666114405,75.7052855435585,212.134100988907,NA,4.61941100455253,521,60,"logit_R ~ s(TMP_scaled_lag, k = 10, bs = 'cr') + s(PREC_scaled_lag, k = 10, bs = 'cr') + s(WET_scaled_lag, k = 10, bs = 'cr') + s(PLS_Comp1, k = 10, bs = 'cr') + s(PLS_Comp2, k = 10, bs = 'cr') + s(PLS_Comp3, k = 10, bs = 'cr') + s(lat, lon, bs = 'sos', k = 20) + s(year, bs = 'cr', k = 8) + s(Region, bs = 're') + climate_zone",1.98645519380898,6,FALSE
"B","Model B (TMP, PREC, WET)","CRKP","CR-Kp",9,3,3,NA,1,333.309156184968,514.35787542241,75.7804694466244,211.564562589714,NA,1.0599015289929,521,60,"logit_R ~ s(TMP_scaled_lag, k = 10, bs = 'cr') + s(PREC_scaled_lag, k = 10, bs = 'cr') + s(WET_scaled_lag, k = 10, bs = 'cr') + s(PLS_Comp1, k = 10, bs = 'cr') + s(PLS_Comp2, k = 10, bs = 'cr') + s(PLS_Comp3, k = 10, bs = 'cr') + s(lat, lon, bs = 'sos', k = 20) + s(year, bs = 'cr', k = 8) + s(Region, bs = 're') + climate_zone",2.26718182757929,7,FALSE
"B","Model B (TMP, PREC, WET)","CRKP","CR-Kp",27,3,3,NA,3,333.397570898295,514.414609147045,75.7756667503238,211.59579001693,NA,4.66765247541662,521,60,"logit_R ~ s(TMP_scaled_lag, k = 10, bs = 'cr') + s(PREC_scaled_lag, k = 10, bs = 'cr') + s(WET_scaled_lag, k = 10, bs = 'cr') + s(PLS_Comp1, k = 10, bs = 'cr') + s(PLS_Comp2, k = 10, bs = 'cr') + s(PLS_Comp3, k = 10, bs = 'cr') + s(lat, lon, bs = 'sos', k = 20) + s(year, bs = 'cr', k = 8) + s(Region, bs = 're') + climate_zone",2.35559654090582,8,FALSE
"B","Model B (TMP, PREC, WET)","CRKP","CR-Kp",8,2,3,NA,1,333.77933247961,514.733645120917,75.7565382693924,211.69311296515,NA,1.04456020715293,521,60,"logit_R ~ s(TMP_scaled_lag, k = 10, bs = 'cr') + s(PREC_scaled_lag, k = 10, bs = 'cr') + s(WET_scaled_lag, k = 10, bs = 'cr') + s(PLS_Comp1, k = 10, bs = 'cr') + s(PLS_Comp2, k = 10, bs = 'cr') + s(PLS_Comp3, k = 10, bs = 'cr') + s(lat, lon, bs = 'sos', k = 20) + s(year, bs = 'cr', k = 8) + s(Region, bs = 're') + climate_zone",2.73735812222105,9,FALSE
"B","Model B (TMP, PREC, WET)","CRKP","CR-Kp",16,1,3,NA,2,333.779398432759,514.733897156177,75.7565392696836,211.693112128012,NA,1.06316445231295,521,60,"logit_R ~ s(TMP_scaled_lag, k = 10, bs = 'cr') + s(PREC_scaled_lag, k = 10, bs = 'cr') + s(WET_scaled_lag, k = 10, bs = 'cr') + s(PLS_Comp1, k = 10, bs = 'cr') + s(PLS_Comp2, k = 10, bs = 'cr') + s(PLS_Comp3, k = 10, bs = 'cr') + s(lat, lon, bs = 'sos', k = 20) + s(year, bs = 'cr', k = 8) + s(Region, bs = 're') + climate_zone",2.7374240753698,10,FALSE
"B","Model B (TMP, PREC, WET)","CRKP","CR-Kp",7,1,3,NA,1,333.789058452122,514.741419292164,75.7560430078123,211.689310803467,NA,1.06972249440245,521,60,"logit_R ~ s(TMP_scaled_lag, k = 10, bs = 'cr') + s(PREC_scaled_lag, k = 10, bs = 'cr') + s(WET_scaled_lag, k = 10, bs = 'cr') + s(PLS_Comp1, k = 10, bs = 'cr') + s(PLS_Comp2, k = 10, bs = 'cr') + s(PLS_Comp3, k = 10, bs = 'cr') + s(lat, lon, bs = 'sos', k = 20) + s(year, bs = 'cr', k = 8) + s(Region, bs = 're') + climate_zone",2.74708409473288,11,FALSE
"B","Model B (TMP, PREC, WET)","CRKP","CR-Kp",21,3,1,NA,3,333.82658520798,515.205168469092,75.7636164325109,211.650433607842,NA,1.05151072725876,521,60,"logit_R ~ s(TMP_scaled_lag, k = 10, bs = 'cr') + s(PREC_scaled_lag, k = 10, bs = 'cr') + s(WET_scaled_lag, k = 10, bs = 'cr') + s(PLS_Comp1, k = 10, bs = 'cr') + s(PLS_Comp2, k = 10, bs = 'cr') + s(PLS_Comp3, k = 10, bs = 'cr') + s(lat, lon, bs = 'sos', k = 20) + s(year, bs = 'cr', k = 8) + s(Region, bs = 're') + climate_zone",2.78461085059115,12,FALSE
"B","Model B (TMP, PREC, WET)","CRKP","CR-Kp",24,3,2,NA,3,333.826667118701,515.205474071701,75.763617512394,211.650438187572,NA,1.04083570188123,521,60,"logit_R ~ s(TMP_scaled_lag, k = 10, bs = 'cr') + s(PREC_scaled_lag, k = 10, bs = 'cr') + s(WET_scaled_lag, k = 10, bs = 'cr') + s(PLS_Comp1, k = 10, bs = 'cr') + s(PLS_Comp2, k = 10, bs = 'cr') + s(PLS_Comp3, k = 10, bs = 'cr') + s(lat, lon, bs = 'sos', k = 20) + s(year, bs = 'cr', k = 8) + s(Region, bs = 're') + climate_zone",2.78469276131227,13,FALSE
"B","Model B (TMP, PREC, WET)","CRKP","CR-Kp",22,1,2,NA,3,334.218767527177,515.539406928671,75.744097908103,211.749242900349,NA,1.02882346787718,521,60,"logit_R ~ s(TMP_scaled_lag, k = 10, bs = 'cr') + s(PREC_scaled_lag, k = 10, bs = 'cr') + s(WET_scaled_lag, k = 10, bs = 'cr') + s(PLS_Comp1, k = 10, bs = 'cr') + s(PLS_Comp2, k = 10, bs = 'cr') + s(PLS_Comp3, k = 10, bs = 'cr') + s(lat, lon, bs = 'sos', k = 20) + s(year, bs = 'cr', k = 8) + s(Region, bs = 're') + climate_zone",3.17679316978763,14,FALSE
"B","Model B (TMP, PREC, WET)","CRKP","CR-Kp",19,1,1,NA,3,334.218835780853,515.539698726027,75.7440996214362,211.749258864618,NA,1.08716459082865,521,60,"logit_R ~ s(TMP_scaled_lag, k = 10, bs = 'cr') + s(PREC_scaled_lag, k = 10, bs = 'cr') + s(WET_scaled_lag, k = 10, bs = 'cr') + s(PLS_Comp1, k = 10, bs = 'cr') + s(PLS_Comp2, k = 10, bs = 'cr') + s(PLS_Comp3, k = 10, bs = 'cr') + s(lat, lon, bs = 'sos', k = 20) + s(year, bs = 'cr', k = 8) + s(Region, bs = 're') + climate_zone",3.17686142346417,15,FALSE
"B","Model B (TMP, PREC, WET)","CRKP","CR-Kp",20,2,1,NA,3,334.51224070951,515.70660140013,75.7276663893671,211.815771882104,NA,1.04506812408313,521,60,"logit_R ~ s(TMP_scaled_lag, k = 10, bs = 'cr') + s(PREC_scaled_lag, k = 10, bs = 'cr') + s(WET_scaled_lag, k = 10, bs = 'cr') + s(PLS_Comp1, k = 10, bs = 'cr') + s(PLS_Comp2, k = 10, bs = 'cr') + s(PLS_Comp3, k = 10, bs = 'cr') + s(lat, lon, bs = 'sos', k = 20) + s(year, bs = 'cr', k = 8) + s(Region, bs = 're') + climate_zone",3.47026635212063,16,FALSE
"B","Model B (TMP, PREC, WET)","CRKP","CR-Kp",23,2,2,NA,3,334.512310908686,515.706848942777,75.7276670017108,211.81577149678,NA,1.06797407159311,521,60,"logit_R ~ s(TMP_scaled_lag, k = 10, bs = 'cr') + s(PREC_scaled_lag, k = 10, bs = 'cr') + s(WET_scaled_lag, k = 10, bs = 'cr') + s(PLS_Comp1, k = 10, bs = 'cr') + s(PLS_Comp2, k = 10, bs = 'cr') + s(PLS_Comp3, k = 10, bs = 'cr') + s(lat, lon, bs = 'sos', k = 20) + s(year, bs = 'cr', k = 8) + s(Region, bs = 're') + climate_zone",3.47033655129684,17,FALSE
"B","Model B (TMP, PREC, WET)","CRKP","CR-Kp",3,3,1,NA,1,335.935646741629,518.358729731315,75.6882225797878,211.730254285585,NA,4.42908886851496,521,60,"logit_R ~ s(TMP_scaled_lag, k = 10, bs = 'cr') + s(PREC_scaled_lag, k = 10, bs = 'cr') + s(WET_scaled_lag, k = 10, bs = 'cr') + s(PLS_Comp1, k = 10, bs = 'cr') + s(PLS_Comp2, k = 10, bs = 'cr') + s(PLS_Comp3, k = 10, bs = 'cr') + s(lat, lon, bs = 'sos', k = 20) + s(year, bs = 'cr', k = 8) + s(Region, bs = 're') + climate_zone",4.89367238423995,18,FALSE
"B","Model B (TMP, PREC, WET)","CRKP","CR-Kp",12,3,1,NA,2,336.027705811656,518.433502496868,75.6835472316534,211.761471940507,NA,1.06351827361536,521,60,"logit_R ~ s(TMP_scaled_lag, k = 10, bs = 'cr') + s(PREC_scaled_lag, k = 10, bs = 'cr') + s(WET_scaled_lag, k = 10, bs = 'cr') + s(PLS_Comp1, k = 10, bs = 'cr') + s(PLS_Comp2, k = 10, bs = 'cr') + s(PLS_Comp3, k = 10, bs = 'cr') + s(lat, lon, bs = 'sos', k = 20) + s(year, bs = 'cr', k = 8) + s(Region, bs = 're') + climate_zone",4.98573145426752,19,FALSE
"B","Model B (TMP, PREC, WET)","CRKP","CR-Kp",2,2,1,NA,1,394.821745867307,590.688950142933,75.8372348755602,247.410202325398,NA,4.55568096837789,592,71,"logit_R ~ s(TMP_scaled_lag, k = 10, bs = 'cr') + s(PREC_scaled_lag, k = 10, bs = 'cr') + s(WET_scaled_lag, k = 10, bs = 'cr') + s(PLS_Comp1, k = 10, bs = 'cr') + s(PLS_Comp2, k = 10, bs = 'cr') + s(PLS_Comp3, k = 10, bs = 'cr') + s(lat, lon, bs = 'sos', k = 20) + s(year, bs = 'cr', k = 8) + s(Region, bs = 're') + climate_zone",63.7797715099181,20,FALSE
"B","Model B (TMP, PREC, WET)","CRKP","CR-Kp",5,2,2,NA,1,394.821879143816,590.689441244133,75.837236099333,247.410207313423,NA,1.08956316460679,592,71,"logit_R ~ s(TMP_scaled_lag, k = 10, bs = 'cr') + s(PREC_scaled_lag, k = 10, bs = 'cr') + s(WET_scaled_lag, k = 10, bs = 'cr') + s(PLS_Comp1, k = 10, bs = 'cr') + s(PLS_Comp2, k = 10, bs = 'cr') + s(PLS_Comp3, k = 10, bs = 'cr') + s(lat, lon, bs = 'sos', k = 20) + s(year, bs = 'cr', k = 8) + s(Region, bs = 're') + climate_zone",63.7799047864276,21,FALSE
"B","Model B (TMP, PREC, WET)","CRKP","CR-Kp",4,1,2,NA,1,394.821913045166,590.689554502803,75.8372361934486,247.410204416964,NA,1.10379418573072,592,71,"logit_R ~ s(TMP_scaled_lag, k = 10, bs = 'cr') + s(PREC_scaled_lag, k = 10, bs = 'cr') + s(WET_scaled_lag, k = 10, bs = 'cr') + s(PLS_Comp1, k = 10, bs = 'cr') + s(PLS_Comp2, k = 10, bs = 'cr') + s(PLS_Comp3, k = 10, bs = 'cr') + s(lat, lon, bs = 'sos', k = 20) + s(year, bs = 'cr', k = 8) + s(Region, bs = 're') + climate_zone",63.7799386877771,22,FALSE
"B","Model B (TMP, PREC, WET)","CRKP","CR-Kp",11,2,1,NA,2,397.943450452795,603.547230714172,75.8910783302507,247.378776232563,NA,1.05059704145877,592,71,"logit_R ~ s(TMP_scaled_lag, k = 10, bs = 'cr') + s(PREC_scaled_lag, k = 10, bs = 'cr') + s(WET_scaled_lag, k = 10, bs = 'cr') + s(PLS_Comp1, k = 10, bs = 'cr') + s(PLS_Comp2, k = 10, bs = 'cr') + s(PLS_Comp3, k = 10, bs = 'cr') + s(lat, lon, bs = 'sos', k = 20) + s(year, bs = 'cr', k = 8) + s(Region, bs = 're') + climate_zone",66.9014760954058,23,FALSE
"B","Model B (TMP, PREC, WET)","CRKP","CR-Kp",10,1,1,NA,2,397.943460832872,603.547319122413,75.8910793573526,247.378776000296,NA,1.07819984267185,592,71,"logit_R ~ s(TMP_scaled_lag, k = 10, bs = 'cr') + s(PREC_scaled_lag, k = 10, bs = 'cr') + s(WET_scaled_lag, k = 10, bs = 'cr') + s(PLS_Comp1, k = 10, bs = 'cr') + s(PLS_Comp2, k = 10, bs = 'cr') + s(PLS_Comp3, k = 10, bs = 'cr') + s(lat, lon, bs = 'sos', k = 20) + s(year, bs = 'cr', k = 8) + s(Region, bs = 're') + climate_zone",66.9014864754832,24,FALSE
"B","Model B (TMP, PREC, WET)","CRKP","CR-Kp",14,2,2,NA,2,397.943489380678,603.547457108215,75.8910802282021,247.378778357178,NA,4.596899516246,592,71,"logit_R ~ s(TMP_scaled_lag, k = 10, bs = 'cr') + s(PREC_scaled_lag, k = 10, bs = 'cr') + s(WET_scaled_lag, k = 10, bs = 'cr') + s(PLS_Comp1, k = 10, bs = 'cr') + s(PLS_Comp2, k = 10, bs = 'cr') + s(PLS_Comp3, k = 10, bs = 'cr') + s(lat, lon, bs = 'sos', k = 20) + s(year, bs = 'cr', k = 8) + s(Region, bs = 're') + climate_zone",66.9015150232894,25,FALSE
"B","Model B (TMP, PREC, WET)","CRKP","CR-Kp",13,1,2,NA,2,397.943505321493,603.547563097054,75.8910812521841,247.378780343814,NA,4.55349428375093,592,71,"logit_R ~ s(TMP_scaled_lag, k = 10, bs = 'cr') + s(PREC_scaled_lag, k = 10, bs = 'cr') + s(WET_scaled_lag, k = 10, bs = 'cr') + s(PLS_Comp1, k = 10, bs = 'cr') + s(PLS_Comp2, k = 10, bs = 'cr') + s(PLS_Comp3, k = 10, bs = 'cr') + s(lat, lon, bs = 'sos', k = 20) + s(year, bs = 'cr', k = 8) + s(Region, bs = 're') + climate_zone",66.9015309641042,26,FALSE
"B","Model B (TMP, PREC, WET)","CRKP","CR-Kp",1,1,1,NA,1,500.683549424027,691.086411024895,73.4725952134382,296.084628330639,NA,4.40442597310368,674,82,"logit_R ~ s(TMP_scaled_lag, k = 10, bs = 'cr') + s(PREC_scaled_lag, k = 10, bs = 'cr') + s(WET_scaled_lag, k = 10, bs = 'cr') + s(PLS_Comp1, k = 10, bs = 'cr') + s(PLS_Comp2, k = 10, bs = 'cr') + s(PLS_Comp3, k = 10, bs = 'cr') + s(lat, lon, bs = 'sos', k = 20) + s(year, bs = 'cr', k = 8) + s(Region, bs = 're') + climate_zone",169.641575066638,27,FALSE
"B","Model B (TMP, PREC, WET)","CRPA","CR-Pa",2,2,1,NA,1,-226.244781547171,-64.59052958916,83.9724298109361,-88.7290923203008,0.327575629584513,4.55728587589424,494,47,"logit_R ~ s(TMP_scaled_lag, k = 10, bs = 'cr') + s(PREC_scaled_lag, k = 10, bs = 'cr') + s(WET_scaled_lag, k = 10, bs = 'cr') + s(PLS_Comp1, k = 10, bs = 'cr') + s(PLS_Comp2, k = 10, bs = 'cr') + s(PLS_Comp3, k = 10, bs = 'cr') + s(PLS_Comp4, k = 10, bs = 'cr') + s(lat, lon, bs = 'sos', k = 20) + s(year, bs = 'cr', k = 8) + s(Region, bs = 're') + climate_zone",0,1,TRUE
"B","Model B (TMP, PREC, WET)","CRPA","CR-Pa",14,2,2,NA,2,-226.089707080844,-66.1316680331031,83.9411778182736,-88.799377883071,NA,4.7804423324469,494,47,"logit_R ~ s(TMP_scaled_lag, k = 10, bs = 'cr') + s(PREC_scaled_lag, k = 10, bs = 'cr') + s(WET_scaled_lag, k = 10, bs = 'cr') + s(PLS_Comp1, k = 10, bs = 'cr') + s(PLS_Comp2, k = 10, bs = 'cr') + s(PLS_Comp3, k = 10, bs = 'cr') + s(PLS_Comp4, k = 10, bs = 'cr') + s(lat, lon, bs = 'sos', k = 20) + s(year, bs = 'cr', k = 8) + s(Region, bs = 're') + climate_zone",0.155074466326823,2,FALSE
"B","Model B (TMP, PREC, WET)","CRPA","CR-Pa",5,2,2,NA,1,-225.856250794423,-66.0441881146726,83.9313273301866,-88.7427225449692,NA,1.07376516805433,494,47,"logit_R ~ s(TMP_scaled_lag, k = 10, bs = 'cr') + s(PREC_scaled_lag, k = 10, bs = 'cr') + s(WET_scaled_lag, k = 10, bs = 'cr') + s(PLS_Comp1, k = 10, bs = 'cr') + s(PLS_Comp2, k = 10, bs = 'cr') + s(PLS_Comp3, k = 10, bs = 'cr') + s(PLS_Comp4, k = 10, bs = 'cr') + s(lat, lon, bs = 'sos', k = 20) + s(year, bs = 'cr', k = 8) + s(Region, bs = 're') + climate_zone",0.388530752747897,3,FALSE
"B","Model B (TMP, PREC, WET)","CRPA","CR-Pa",11,2,1,NA,2,-225.627984981191,-62.4401626882011,83.9760967339359,-88.8188573327818,NA,1.04019987123137,494,47,"logit_R ~ s(TMP_scaled_lag, k = 10, bs = 'cr') + s(PREC_scaled_lag, k = 10, bs = 'cr') + s(WET_scaled_lag, k = 10, bs = 'cr') + s(PLS_Comp1, k = 10, bs = 'cr') + s(PLS_Comp2, k = 10, bs = 'cr') + s(PLS_Comp3, k = 10, bs = 'cr') + s(PLS_Comp4, k = 10, bs = 'cr') + s(lat, lon, bs = 'sos', k = 20) + s(year, bs = 'cr', k = 8) + s(Region, bs = 're') + climate_zone",0.61679656598028,4,FALSE
"B","Model B (TMP, PREC, WET)","CRPA","CR-Pa",17,2,3,NA,2,-222.43898059327,-70.6613281734409,84.6075602790136,-90.8594893715577,NA,1.07717123480883,447,44,"logit_R ~ s(TMP_scaled_lag, k = 10, bs = 'cr') + s(PREC_scaled_lag, k = 10, bs = 'cr') + s(WET_scaled_lag, k = 10, bs = 'cr') + s(PLS_Comp1, k = 10, bs = 'cr') + s(PLS_Comp2, k = 10, bs = 'cr') + s(PLS_Comp3, k = 10, bs = 'cr') + s(PLS_Comp4, k = 10, bs = 'cr') + s(lat, lon, bs = 'sos', k = 20) + s(year, bs = 'cr', k = 8) + s(Region, bs = 're') + climate_zone",3.80580095390104,5,FALSE
"B","Model B (TMP, PREC, WET)","CRPA","CR-Pa",18,3,3,NA,2,-220.032899977558,-84.5162034969911,84.2475882554393,-90.7877355553217,NA,1.0843647964861,447,44,"logit_R ~ s(TMP_scaled_lag, k = 10, bs = 'cr') + s(PREC_scaled_lag, k = 10, bs = 'cr') + s(WET_scaled_lag, k = 10, bs = 'cr') + s(PLS_Comp1, k = 10, bs = 'cr') + s(PLS_Comp2, k = 10, bs = 'cr') + s(PLS_Comp3, k = 10, bs = 'cr') + s(PLS_Comp4, k = 10, bs = 'cr') + s(lat, lon, bs = 'sos', k = 20) + s(year, bs = 'cr', k = 8) + s(Region, bs = 're') + climate_zone",6.2118815696127,6,FALSE
"B","Model B (TMP, PREC, WET)","CRPA","CR-Pa",8,2,3,NA,1,-219.521738659778,-84.755857476571,84.2166456727125,-90.6967267522112,NA,1.03875216754005,447,44,"logit_R ~ s(TMP_scaled_lag, k = 10, bs = 'cr') + s(PREC_scaled_lag, k = 10, bs = 'cr') + s(WET_scaled_lag, k = 10, bs = 'cr') + s(PLS_Comp1, k = 10, bs = 'cr') + s(PLS_Comp2, k = 10, bs = 'cr') + s(PLS_Comp3, k = 10, bs = 'cr') + s(PLS_Comp4, k = 10, bs = 'cr') + s(lat, lon, bs = 'sos', k = 20) + s(year, bs = 'cr', k = 8) + s(Region, bs = 're') + climate_zone",6.7230428873934,7,FALSE
"B","Model B (TMP, PREC, WET)","CRPA","CR-Pa",25,1,3,NA,3,-219.453119248489,-84.8533317214587,84.211362831813,-90.6871951074522,NA,4.88767629053975,447,44,"logit_R ~ s(TMP_scaled_lag, k = 10, bs = 'cr') + s(PREC_scaled_lag, k = 10, bs = 'cr') + s(WET_scaled_lag, k = 10, bs = 'cr') + s(PLS_Comp1, k = 10, bs = 'cr') + s(PLS_Comp2, k = 10, bs = 'cr') + s(PLS_Comp3, k = 10, bs = 'cr') + s(PLS_Comp4, k = 10, bs = 'cr') + s(lat, lon, bs = 'sos', k = 20) + s(year, bs = 'cr', k = 8) + s(Region, bs = 're') + climate_zone",6.79166229868221,8,FALSE
"B","Model B (TMP, PREC, WET)","CRPA","CR-Pa",16,1,3,NA,2,-219.433823010226,-84.8811394566134,84.2098701008056,-90.6873492054939,NA,1.06173595263572,447,44,"logit_R ~ s(TMP_scaled_lag, k = 10, bs = 'cr') + s(PREC_scaled_lag, k = 10, bs = 'cr') + s(WET_scaled_lag, k = 10, bs = 'cr') + s(PLS_Comp1, k = 10, bs = 'cr') + s(PLS_Comp2, k = 10, bs = 'cr') + s(PLS_Comp3, k = 10, bs = 'cr') + s(PLS_Comp4, k = 10, bs = 'cr') + s(lat, lon, bs = 'sos', k = 20) + s(year, bs = 'cr', k = 8) + s(Region, bs = 're') + climate_zone",6.81095853694546,9,FALSE
"B","Model B (TMP, PREC, WET)","CRPA","CR-Pa",7,1,3,NA,1,-219.433794546688,-84.881015005358,84.2098707483259,-90.6873485351055,NA,1.049042896894,447,44,"logit_R ~ s(TMP_scaled_lag, k = 10, bs = 'cr') + s(PREC_scaled_lag, k = 10, bs = 'cr') + s(WET_scaled_lag, k = 10, bs = 'cr') + s(PLS_Comp1, k = 10, bs = 'cr') + s(PLS_Comp2, k = 10, bs = 'cr') + s(PLS_Comp3, k = 10, bs = 'cr') + s(PLS_Comp4, k = 10, bs = 'cr') + s(lat, lon, bs = 'sos', k = 20) + s(year, bs = 'cr', k = 8) + s(Region, bs = 're') + climate_zone",6.8109870004829,10,FALSE
"B","Model B (TMP, PREC, WET)","CRPA","CR-Pa",26,2,3,NA,3,-219.416817468168,-84.8030136023599,84.2103219199056,-90.6770758755093,NA,4.87113037565905,447,44,"logit_R ~ s(TMP_scaled_lag, k = 10, bs = 'cr') + s(PREC_scaled_lag, k = 10, bs = 'cr') + s(WET_scaled_lag, k = 10, bs = 'cr') + s(PLS_Comp1, k = 10, bs = 'cr') + s(PLS_Comp2, k = 10, bs = 'cr') + s(PLS_Comp3, k = 10, bs = 'cr') + s(PLS_Comp4, k = 10, bs = 'cr') + s(lat, lon, bs = 'sos', k = 20) + s(year, bs = 'cr', k = 8) + s(Region, bs = 're') + climate_zone",6.82796407900332,11,FALSE
"B","Model B (TMP, PREC, WET)","CRPA","CR-Pa",12,3,1,NA,2,-219.401509918476,-92.8819874500769,84.0697733244848,-90.2865554923992,NA,1.07320198901127,447,44,"logit_R ~ s(TMP_scaled_lag, k = 10, bs = 'cr') + s(PREC_scaled_lag, k = 10, bs = 'cr') + s(WET_scaled_lag, k = 10, bs = 'cr') + s(PLS_Comp1, k = 10, bs = 'cr') + s(PLS_Comp2, k = 10, bs = 'cr') + s(PLS_Comp3, k = 10, bs = 'cr') + s(PLS_Comp4, k = 10, bs = 'cr') + s(lat, lon, bs = 'sos', k = 20) + s(year, bs = 'cr', k = 8) + s(Region, bs = 're') + climate_zone",6.84327162869491,12,FALSE
"B","Model B (TMP, PREC, WET)","CRPA","CR-Pa",9,3,3,NA,1,-219.39934197516,-84.7914130177792,84.2096034373634,-90.6759031903086,NA,1.04059418667172,447,44,"logit_R ~ s(TMP_scaled_lag, k = 10, bs = 'cr') + s(PREC_scaled_lag, k = 10, bs = 'cr') + s(WET_scaled_lag, k = 10, bs = 'cr') + s(PLS_Comp1, k = 10, bs = 'cr') + s(PLS_Comp2, k = 10, bs = 'cr') + s(PLS_Comp3, k = 10, bs = 'cr') + s(PLS_Comp4, k = 10, bs = 'cr') + s(lat, lon, bs = 'sos', k = 20) + s(year, bs = 'cr', k = 8) + s(Region, bs = 're') + climate_zone",6.84543957201049,13,FALSE
"B","Model B (TMP, PREC, WET)","CRPA","CR-Pa",15,3,2,NA,2,-219.360327138573,-90.5412725369276,84.1082103376618,-90.319005024929,NA,4.72618101800205,447,44,"logit_R ~ s(TMP_scaled_lag, k = 10, bs = 'cr') + s(PREC_scaled_lag, k = 10, bs = 'cr') + s(WET_scaled_lag, k = 10, bs = 'cr') + s(PLS_Comp1, k = 10, bs = 'cr') + s(PLS_Comp2, k = 10, bs = 'cr') + s(PLS_Comp3, k = 10, bs = 'cr') + s(PLS_Comp4, k = 10, bs = 'cr') + s(lat, lon, bs = 'sos', k = 20) + s(year, bs = 'cr', k = 8) + s(Region, bs = 're') + climate_zone",6.88445440859806,14,FALSE
"B","Model B (TMP, PREC, WET)","CRPA","CR-Pa",27,3,3,NA,3,-219.314846001398,-84.8708454768176,84.2037944990644,-90.6613750325802,NA,4.90985201880195,447,44,"logit_R ~ s(TMP_scaled_lag, k = 10, bs = 'cr') + s(PREC_scaled_lag, k = 10, bs = 'cr') + s(WET_scaled_lag, k = 10, bs = 'cr') + s(PLS_Comp1, k = 10, bs = 'cr') + s(PLS_Comp2, k = 10, bs = 'cr') + s(PLS_Comp3, k = 10, bs = 'cr') + s(PLS_Comp4, k = 10, bs = 'cr') + s(lat, lon, bs = 'sos', k = 20) + s(year, bs = 'cr', k = 8) + s(Region, bs = 're') + climate_zone",6.92993554577347,15,FALSE
"B","Model B (TMP, PREC, WET)","CRPA","CR-Pa",3,3,1,NA,1,-218.919090816553,-93.028658506405,84.0416264355442,-90.1947940697546,NA,4.61112981398552,447,44,"logit_R ~ s(TMP_scaled_lag, k = 10, bs = 'cr') + s(PREC_scaled_lag, k = 10, bs = 'cr') + s(WET_scaled_lag, k = 10, bs = 'cr') + s(PLS_Comp1, k = 10, bs = 'cr') + s(PLS_Comp2, k = 10, bs = 'cr') + s(PLS_Comp3, k = 10, bs = 'cr') + s(PLS_Comp4, k = 10, bs = 'cr') + s(lat, lon, bs = 'sos', k = 20) + s(year, bs = 'cr', k = 8) + s(Region, bs = 're') + climate_zone",7.32569073061836,16,FALSE
"B","Model B (TMP, PREC, WET)","CRPA","CR-Pa",6,3,2,NA,1,-218.83001055175,-90.6486441072538,84.0782761084022,-90.2256823813431,NA,1.09427171510566,447,44,"logit_R ~ s(TMP_scaled_lag, k = 10, bs = 'cr') + s(PREC_scaled_lag, k = 10, bs = 'cr') + s(WET_scaled_lag, k = 10, bs = 'cr') + s(PLS_Comp1, k = 10, bs = 'cr') + s(PLS_Comp2, k = 10, bs = 'cr') + s(PLS_Comp3, k = 10, bs = 'cr') + s(PLS_Comp4, k = 10, bs = 'cr') + s(lat, lon, bs = 'sos', k = 20) + s(year, bs = 'cr', k = 8) + s(Region, bs = 're') + climate_zone",7.41477099542146,17,FALSE
"B","Model B (TMP, PREC, WET)","CRPA","CR-Pa",19,1,1,NA,3,-218.827478260343,-88.9435894796609,84.1077217902646,-90.3159437922897,NA,1.06609147642746,447,44,"logit_R ~ s(TMP_scaled_lag, k = 10, bs = 'cr') + s(PREC_scaled_lag, k = 10, bs = 'cr') + s(WET_scaled_lag, k = 10, bs = 'cr') + s(PLS_Comp1, k = 10, bs = 'cr') + s(PLS_Comp2, k = 10, bs = 'cr') + s(PLS_Comp3, k = 10, bs = 'cr') + s(PLS_Comp4, k = 10, bs = 'cr') + s(lat, lon, bs = 'sos', k = 20) + s(year, bs = 'cr', k = 8) + s(Region, bs = 're') + climate_zone",7.41730328682831,18,FALSE
"B","Model B (TMP, PREC, WET)","CRPA","CR-Pa",20,2,1,NA,3,-218.820104175156,-88.9697583245725,84.1068782226174,-90.3090076314296,NA,1.04665590056355,447,44,"logit_R ~ s(TMP_scaled_lag, k = 10, bs = 'cr') + s(PREC_scaled_lag, k = 10, bs = 'cr') + s(WET_scaled_lag, k = 10, bs = 'cr') + s(PLS_Comp1, k = 10, bs = 'cr') + s(PLS_Comp2, k = 10, bs = 'cr') + s(PLS_Comp3, k = 10, bs = 'cr') + s(PLS_Comp4, k = 10, bs = 'cr') + s(lat, lon, bs = 'sos', k = 20) + s(year, bs = 'cr', k = 8) + s(Region, bs = 're') + climate_zone",7.42467737201503,19,FALSE
"B","Model B (TMP, PREC, WET)","CRPA","CR-Pa",21,3,1,NA,3,-218.739196612938,-89.0562696447506,84.1010986043829,-90.2956771579233,NA,1.04124225107563,447,44,"logit_R ~ s(TMP_scaled_lag, k = 10, bs = 'cr') + s(PREC_scaled_lag, k = 10, bs = 'cr') + s(WET_scaled_lag, k = 10, bs = 'cr') + s(PLS_Comp1, k = 10, bs = 'cr') + s(PLS_Comp2, k = 10, bs = 'cr') + s(PLS_Comp3, k = 10, bs = 'cr') + s(PLS_Comp4, k = 10, bs = 'cr') + s(lat, lon, bs = 'sos', k = 20) + s(year, bs = 'cr', k = 8) + s(Region, bs = 're') + climate_zone",7.5055849342331,20,FALSE
"B","Model B (TMP, PREC, WET)","CRPA","CR-Pa",24,3,2,NA,3,-218.714987089045,-88.5642578094962,84.1083472918583,-90.3026644326555,NA,1.04058504585387,447,44,"logit_R ~ s(TMP_scaled_lag, k = 10, bs = 'cr') + s(PREC_scaled_lag, k = 10, bs = 'cr') + s(WET_scaled_lag, k = 10, bs = 'cr') + s(PLS_Comp1, k = 10, bs = 'cr') + s(PLS_Comp2, k = 10, bs = 'cr') + s(PLS_Comp3, k = 10, bs = 'cr') + s(PLS_Comp4, k = 10, bs = 'cr') + s(lat, lon, bs = 'sos', k = 20) + s(year, bs = 'cr', k = 8) + s(Region, bs = 're') + climate_zone",7.52979445812582,21,FALSE
"B","Model B (TMP, PREC, WET)","CRPA","CR-Pa",22,1,2,NA,3,-218.621847667149,-86.8105705379764,84.13379544505,-90.3282108494637,NA,1.02143984022946,447,44,"logit_R ~ s(TMP_scaled_lag, k = 10, bs = 'cr') + s(PREC_scaled_lag, k = 10, bs = 'cr') + s(WET_scaled_lag, k = 10, bs = 'cr') + s(PLS_Comp1, k = 10, bs = 'cr') + s(PLS_Comp2, k = 10, bs = 'cr') + s(PLS_Comp3, k = 10, bs = 'cr') + s(PLS_Comp4, k = 10, bs = 'cr') + s(lat, lon, bs = 'sos', k = 20) + s(year, bs = 'cr', k = 8) + s(Region, bs = 're') + climate_zone",7.62293388002234,22,FALSE
"B","Model B (TMP, PREC, WET)","CRPA","CR-Pa",23,2,2,NA,3,-218.607304973621,-86.7962091644064,84.1332761080916,-90.32130144941,NA,1.04473564739216,447,44,"logit_R ~ s(TMP_scaled_lag, k = 10, bs = 'cr') + s(PREC_scaled_lag, k = 10, bs = 'cr') + s(WET_scaled_lag, k = 10, bs = 'cr') + s(PLS_Comp1, k = 10, bs = 'cr') + s(PLS_Comp2, k = 10, bs = 'cr') + s(PLS_Comp3, k = 10, bs = 'cr') + s(PLS_Comp4, k = 10, bs = 'cr') + s(lat, lon, bs = 'sos', k = 20) + s(year, bs = 'cr', k = 8) + s(Region, bs = 're') + climate_zone",7.63747657354969,23,FALSE
"B","Model B (TMP, PREC, WET)","CRPA","CR-Pa",13,1,2,NA,2,-215.097154956194,-79.2710796686869,83.1936224812147,-86.433926702309,NA,4.75883845570042,494,47,"logit_R ~ s(TMP_scaled_lag, k = 10, bs = 'cr') + s(PREC_scaled_lag, k = 10, bs = 'cr') + s(WET_scaled_lag, k = 10, bs = 'cr') + s(PLS_Comp1, k = 10, bs = 'cr') + s(PLS_Comp2, k = 10, bs = 'cr') + s(PLS_Comp3, k = 10, bs = 'cr') + s(PLS_Comp4, k = 10, bs = 'cr') + s(lat, lon, bs = 'sos', k = 20) + s(year, bs = 'cr', k = 8) + s(Region, bs = 're') + climate_zone",11.1476265909766,24,FALSE
"B","Model B (TMP, PREC, WET)","CRPA","CR-Pa",10,1,1,NA,2,-214.731253784066,-70.8204597057851,83.3116550276112,-86.5396253747868,NA,1.05017533280947,494,47,"logit_R ~ s(TMP_scaled_lag, k = 10, bs = 'cr') + s(PREC_scaled_lag, k = 10, bs = 'cr') + s(WET_scaled_lag, k = 10, bs = 'cr') + s(PLS_Comp1, k = 10, bs = 'cr') + s(PLS_Comp2, k = 10, bs = 'cr') + s(PLS_Comp3, k = 10, bs = 'cr') + s(PLS_Comp4, k = 10, bs = 'cr') + s(lat, lon, bs = 'sos', k = 20) + s(year, bs = 'cr', k = 8) + s(Region, bs = 're') + climate_zone",11.5135277631046,25,FALSE
"B","Model B (TMP, PREC, WET)","CRPA","CR-Pa",4,1,2,NA,1,-214.538587590552,-74.1872891087511,83.2477985048477,-86.4503258679785,NA,1.08213018000518,494,47,"logit_R ~ s(TMP_scaled_lag, k = 10, bs = 'cr') + s(PREC_scaled_lag, k = 10, bs = 'cr') + s(WET_scaled_lag, k = 10, bs = 'cr') + s(PLS_Comp1, k = 10, bs = 'cr') + s(PLS_Comp2, k = 10, bs = 'cr') + s(PLS_Comp3, k = 10, bs = 'cr') + s(PLS_Comp4, k = 10, bs = 'cr') + s(lat, lon, bs = 'sos', k = 20) + s(year, bs = 'cr', k = 8) + s(Region, bs = 're') + climate_zone",11.7061939566187,26,FALSE
"B","Model B (TMP, PREC, WET)","CRPA","CR-Pa",1,1,1,NA,1,-211.820979607739,-32.7100653451977,83.2210939960807,-76.0636420930038,NA,4.65275087614342,543,49,"logit_R ~ s(TMP_scaled_lag, k = 10, bs = 'cr') + s(PREC_scaled_lag, k = 10, bs = 'cr') + s(WET_scaled_lag, k = 10, bs = 'cr') + s(PLS_Comp1, k = 10, bs = 'cr') + s(PLS_Comp2, k = 10, bs = 'cr') + s(PLS_Comp3, k = 10, bs = 'cr') + s(PLS_Comp4, k = 10, bs = 'cr') + s(lat, lon, bs = 'sos', k = 20) + s(year, bs = 'cr', k = 8) + s(Region, bs = 're') + climate_zone",14.4238019394319,27,FALSE
