"Bacteria","scenario","climate_zone","period","relative_change_pct","lower_95ci_pct","upper_95ci_pct","n_years","n_draws","Scenario_Label"
"3GCR-Ec","ssp126","Tropical Zone","2030s",-2.60826823350174,-16.6182424413297,9.8803989515782,10,1000,"SSP1-2.6"
"3GCR-Ec","ssp126","Temperate Zone","2030s",0.266597518798011,-12.4536150828577,15.4735933336942,10,1000,"SSP1-2.6"
"3GCR-Ec","ssp126","Polar Zone","2030s",46.1340496686927,16.2442971760599,65.3276578690867,10,1000,"SSP1-2.6"
"3GCR-Ec","ssp245","Tropical Zone","2030s",-0.950266068830369,-14.8834390180013,14.005301328755,10,1000,"SSP2-4.5"
"3GCR-Ec","ssp245","Temperate Zone","2030s",2.43798180247681,-11.1721210997465,18.8900846240969,10,1000,"SSP2-4.5"
"3GCR-Ec","ssp245","Polar Zone","2030s",48.3985912767184,16.1182409416372,68.6879661057285,10,1000,"SSP2-4.5"
"3GCR-Ec","ssp370","Tropical Zone","2030s",0.475709169290796,-14.1513922473169,15.4480904124913,10,1000,"SSP3-7.0"
"3GCR-Ec","ssp370","Temperate Zone","2030s",3.97643225102726,-9.71652717500936,19.795247893141,10,1000,"SSP3-7.0"
"3GCR-Ec","ssp370","Polar Zone","2030s",49.2330786372752,17.0137350954488,70.2676554879948,10,1000,"SSP3-7.0"
"3GCR-Ec","ssp585","Tropical Zone","2030s",0.361372037353471,-12.9523819513736,14.4307996987174,10,1000,"SSP5-8.5"
"3GCR-Ec","ssp585","Temperate Zone","2030s",4.66861531688296,-8.83383174925243,20.1356018846955,10,1000,"SSP5-8.5"
"3GCR-Ec","ssp585","Polar Zone","2030s",49.9566564274042,17.7062876295166,71.7122342336613,10,1000,"SSP5-8.5"
"3GCR-Ec","ssp126","Tropical Zone","2050s",-1.07112021979772,-13.9380095001449,12.2083322148536,10,1000,"SSP1-2.6"
"3GCR-Ec","ssp126","Temperate Zone","2050s",1.67491829226078,-12.6090686367413,16.1104755965789,10,1000,"SSP1-2.6"
"3GCR-Ec","ssp126","Polar Zone","2050s",49.3265582298285,16.5753509312755,71.0087206381642,10,1000,"SSP1-2.6"
"3GCR-Ec","ssp245","Tropical Zone","2050s",1.52856819452915,-12.744916360757,15.7227525176629,10,1000,"SSP2-4.5"
"3GCR-Ec","ssp245","Temperate Zone","2050s",5.30454294471484,-9.33898453987127,22.6610412030296,10,1000,"SSP2-4.5"
"3GCR-Ec","ssp245","Polar Zone","2050s",53.1060799381997,18.4514728738259,75.0668847365238,10,1000,"SSP2-4.5"
"3GCR-Ec","ssp370","Tropical Zone","2050s",3.01246709332377,-10.5571786315481,16.6176392554283,10,1000,"SSP3-7.0"
"3GCR-Ec","ssp370","Temperate Zone","2050s",7.708766426425,-7.0247936542934,23.0371727661601,10,1000,"SSP3-7.0"
"3GCR-Ec","ssp370","Polar Zone","2050s",53.6421700359643,17.7516818810521,77.0760990526331,10,1000,"SSP3-7.0"
"3GCR-Ec","ssp585","Tropical Zone","2050s",4.07010164050611,-10.8445430607106,19.3243468695372,10,1000,"SSP5-8.5"
"3GCR-Ec","ssp585","Temperate Zone","2050s",8.46136602648059,-6.91702257673892,25.6592504626453,10,1000,"SSP5-8.5"
"3GCR-Ec","ssp585","Polar Zone","2050s",54.4597027774889,18.2569951772146,79.6715959455822,10,1000,"SSP5-8.5"
"3GCR-Ec","ssp126","Tropical Zone","2090s",-2.59879021341524,-15.0547477826828,9.92431888180952,10,1000,"SSP1-2.6"
"3GCR-Ec","ssp126","Temperate Zone","2090s",1.08683281949385,-12.3963788720432,16.1861233852521,10,1000,"SSP1-2.6"
"3GCR-Ec","ssp126","Polar Zone","2090s",48.0284598971281,15.0216109080852,69.0621369044483,10,1000,"SSP1-2.6"
"3GCR-Ec","ssp245","Tropical Zone","2090s",1.79816489753599,-10.4979370278209,15.1283423083413,10,1000,"SSP2-4.5"
"3GCR-Ec","ssp245","Temperate Zone","2090s",5.60210154505542,-9.71899292720493,22.6959993884405,10,1000,"SSP2-4.5"
"3GCR-Ec","ssp245","Polar Zone","2090s",54.0814670825055,19.2119254874242,76.2101141923998,10,1000,"SSP2-4.5"
"3GCR-Ec","ssp370","Tropical Zone","2090s",2.48384781392164,-10.7631618424468,15.969066372052,10,1000,"SSP3-7.0"
"3GCR-Ec","ssp370","Temperate Zone","2090s",7.55458675019498,-7.66048664173658,24.5180617756101,10,1000,"SSP3-7.0"
"3GCR-Ec","ssp370","Polar Zone","2090s",53.5036375003782,16.5248718977489,78.0872481814459,10,1000,"SSP3-7.0"
"3GCR-Ec","ssp585","Tropical Zone","2090s",3.1505580261465,-10.2431198446052,16.7671133624945,10,1000,"SSP5-8.5"
"3GCR-Ec","ssp585","Temperate Zone","2090s",10.5676017439348,-7.42915643532288,30.9233787252872,10,1000,"SSP5-8.5"
"3GCR-Ec","ssp585","Polar Zone","2090s",55.0468147364578,17.4002456404672,81.6604695462556,10,1000,"SSP5-8.5"
"3GCR-Kp","ssp126","Tropical Zone","2030s",32.6582428460713,26.2979768840333,39.0629933780673,10,1000,"SSP1-2.6"
"3GCR-Kp","ssp126","Temperate Zone","2030s",24.7600955394806,17.6546664906626,33.0523764043823,10,1000,"SSP1-2.6"
"3GCR-Kp","ssp126","Polar Zone","2030s",32.4053932199793,26.331458559821,38.1958557472732,10,1000,"SSP1-2.6"
"3GCR-Kp","ssp245","Tropical Zone","2030s",33.8397678042231,27.5418343226097,40.3227780479421,10,1000,"SSP2-4.5"
"3GCR-Kp","ssp245","Temperate Zone","2030s",26.3224388246695,18.4926068000836,35.564417151627,10,1000,"SSP2-4.5"
"3GCR-Kp","ssp245","Polar Zone","2030s",33.968688754533,28.2434346096889,39.8200295852546,10,1000,"SSP2-4.5"
"3GCR-Kp","ssp370","Tropical Zone","2030s",34.1565456464839,27.067332075741,41.3658513211945,10,1000,"SSP3-7.0"
"3GCR-Kp","ssp370","Temperate Zone","2030s",27.340019525708,20.1368760829395,36.7895320712038,10,1000,"SSP3-7.0"
"3GCR-Kp","ssp370","Polar Zone","2030s",34.4141234947017,27.9103774305982,40.8726459907379,10,1000,"SSP3-7.0"
"3GCR-Kp","ssp585","Tropical Zone","2030s",35.6318866584519,28.4227202326328,42.6206446162432,10,1000,"SSP5-8.5"
"3GCR-Kp","ssp585","Temperate Zone","2030s",28.4142708750148,21.0589241859335,37.0806448150353,10,1000,"SSP5-8.5"
"3GCR-Kp","ssp585","Polar Zone","2030s",35.7048948424819,29.2183555034763,41.6470751741388,10,1000,"SSP5-8.5"
"3GCR-Kp","ssp126","Tropical Zone","2050s",37.4929362126515,30.5460786886201,44.2977396797516,10,1000,"SSP1-2.6"
"3GCR-Kp","ssp126","Temperate Zone","2050s",29.2481732213264,21.6423495348252,39.3105276284364,10,1000,"SSP1-2.6"
"3GCR-Kp","ssp126","Polar Zone","2050s",37.8270232417944,30.4852567756006,44.5554434146074,10,1000,"SSP1-2.6"
"3GCR-Kp","ssp245","Tropical Zone","2050s",41.8439021334704,35.1613911179668,48.3649010674411,10,1000,"SSP2-4.5"
"3GCR-Kp","ssp245","Temperate Zone","2050s",33.5206613299081,24.9881291550484,43.9685978055104,10,1000,"SSP2-4.5"
"3GCR-Kp","ssp245","Polar Zone","2050s",42.5457258051314,35.66610670165,49.018975370014,10,1000,"SSP2-4.5"
"3GCR-Kp","ssp370","Tropical Zone","2050s",43.052347435411,35.9658163004114,50.1063003958878,10,1000,"SSP3-7.0"
"3GCR-Kp","ssp370","Temperate Zone","2050s",35.6102090928739,26.8229050329057,45.8572004194707,10,1000,"SSP3-7.0"
"3GCR-Kp","ssp370","Polar Zone","2050s",45.1039449984659,37.8880813291174,52.4644181071561,10,1000,"SSP3-7.0"
"3GCR-Kp","ssp585","Tropical Zone","2050s",46.4289489873996,38.7677021710518,53.823999631156,10,1000,"SSP5-8.5"
"3GCR-Kp","ssp585","Temperate Zone","2050s",38.4102644382806,29.2880018977732,48.8315241333217,10,1000,"SSP5-8.5"
"3GCR-Kp","ssp585","Polar Zone","2050s",48.0495689794445,41.1604715324532,55.4935950316171,10,1000,"SSP5-8.5"
"3GCR-Kp","ssp126","Tropical Zone","2090s",36.6567857726573,30.2518911261339,43.2218793550252,10,1000,"SSP1-2.6"
"3GCR-Kp","ssp126","Temperate Zone","2090s",27.9134883106456,20.3299011081889,37.2063180501338,10,1000,"SSP1-2.6"
"3GCR-Kp","ssp126","Polar Zone","2090s",36.5900745671333,28.9397442555678,44.1957273150685,10,1000,"SSP1-2.6"
"3GCR-Kp","ssp245","Tropical Zone","2090s",46.7851126956769,40.0818295323691,53.687377842917,10,1000,"SSP2-4.5"
"3GCR-Kp","ssp245","Temperate Zone","2090s",37.7550071934315,27.2095196098776,49.6497733695234,10,1000,"SSP2-4.5"
"3GCR-Kp","ssp245","Polar Zone","2090s",48.2210338232606,40.6565133169106,56.4764298590344,10,1000,"SSP2-4.5"
"3GCR-Kp","ssp370","Tropical Zone","2090s",51.2269262771251,44.4857801872744,56.529308569224,10,1000,"SSP3-7.0"
"3GCR-Kp","ssp370","Temperate Zone","2090s",42.9542998707245,32.3239296605211,54.9471288667091,10,1000,"SSP3-7.0"
"3GCR-Kp","ssp370","Polar Zone","2090s",54.5105429692887,48.2922687061605,63.9410890852581,10,1000,"SSP3-7.0"
"3GCR-Kp","ssp585","Tropical Zone","2090s",55.2452021433819,49.9966978917301,58.0122455592099,10,1000,"SSP5-8.5"
"3GCR-Kp","ssp585","Temperate Zone","2090s",48.9998061567338,35.1675724634267,63.914121333534,10,1000,"SSP5-8.5"
"3GCR-Kp","ssp585","Polar Zone","2090s",61.8294151257526,54.258461682677,74.0164031019938,10,1000,"SSP5-8.5"
"CR-Ab","ssp126","Tropical Zone","2030s",22.9678275395452,14.1766693677884,40.6597106926166,10,1000,"SSP1-2.6"
"CR-Ab","ssp126","Temperate Zone","2030s",1.98123293852418,-13.128164092946,16.1859522461725,10,1000,"SSP1-2.6"
"CR-Ab","ssp126","Polar Zone","2030s",57.0791533252083,34.6338147509104,79.0814270231551,10,1000,"SSP1-2.6"
"CR-Ab","ssp245","Tropical Zone","2030s",25.4012878967305,16.1593323876047,43.6594082131474,10,1000,"SSP2-4.5"
"CR-Ab","ssp245","Temperate Zone","2030s",4.67919698879298,-11.1049308351174,20.8351836413637,10,1000,"SSP2-4.5"
"CR-Ab","ssp245","Polar Zone","2030s",60.9883329538542,36.5424957300692,81.6389575592058,10,1000,"SSP2-4.5"
"CR-Ab","ssp370","Tropical Zone","2030s",31.557486020677,17.7950872151106,49.617289445062,10,1000,"SSP3-7.0"
"CR-Ab","ssp370","Temperate Zone","2030s",7.71104607646219,-7.40605209635355,22.7855211235619,10,1000,"SSP3-7.0"
"CR-Ab","ssp370","Polar Zone","2030s",61.3299469986143,38.258701884009,82.6411848983503,10,1000,"SSP3-7.0"
"CR-Ab","ssp585","Tropical Zone","2030s",26.8376247273232,18.1151596998052,44.0743377847087,10,1000,"SSP5-8.5"
"CR-Ab","ssp585","Temperate Zone","2030s",6.89358331211885,-10.9681752846473,26.7592638103269,10,1000,"SSP5-8.5"
"CR-Ab","ssp585","Polar Zone","2030s",62.1304846676529,37.9721345963832,84.7841592498148,10,1000,"SSP5-8.5"
"CR-Ab","ssp126","Tropical Zone","2050s",23.9471965941149,16.6503960439786,38.7314322212077,10,1000,"SSP1-2.6"
"CR-Ab","ssp126","Temperate Zone","2050s",3.8830039730063,-11.5032636564018,17.2641898315591,10,1000,"SSP1-2.6"
"CR-Ab","ssp126","Polar Zone","2050s",53.9953553734454,24.0519230142917,82.5382778720654,10,1000,"SSP1-2.6"
"CR-Ab","ssp245","Tropical Zone","2050s",26.3112696620103,19.0312748763767,42.5440831195553,10,1000,"SSP2-4.5"
"CR-Ab","ssp245","Temperate Zone","2050s",7.35414850929793,-8.78274929148199,22.8830124692893,10,1000,"SSP2-4.5"
"CR-Ab","ssp245","Polar Zone","2050s",57.2777996428846,27.7707418692162,87.3062837771312,10,1000,"SSP2-4.5"
"CR-Ab","ssp370","Tropical Zone","2050s",29.9971549923681,23.0419019213119,39.8088422735794,10,1000,"SSP3-7.0"
"CR-Ab","ssp370","Temperate Zone","2050s",6.87320395228735,-6.94153384465937,19.2097359085138,10,1000,"SSP3-7.0"
"CR-Ab","ssp370","Polar Zone","2050s",54.9555614969674,22.5320403923976,86.3150694142136,10,1000,"SSP3-7.0"
"CR-Ab","ssp585","Tropical Zone","2050s",28.2369271266858,22.4261673264039,39.2650402471775,10,1000,"SSP5-8.5"
"CR-Ab","ssp585","Temperate Zone","2050s",8.11772786945769,-6.0289844702705,21.7885789928704,10,1000,"SSP5-8.5"
"CR-Ab","ssp585","Polar Zone","2050s",51.7649724142636,21.8884599103904,84.9836510176178,10,1000,"SSP5-8.5"
"CR-Ab","ssp126","Tropical Zone","2090s",22.3870749459458,14.8635023377123,37.8090705927763,10,1000,"SSP1-2.6"
"CR-Ab","ssp126","Temperate Zone","2090s",3.24769119773826,-11.3794547246658,16.8553205326508,10,1000,"SSP1-2.6"
"CR-Ab","ssp126","Polar Zone","2090s",55.5780063367041,22.6027650232656,83.9337885688555,10,1000,"SSP1-2.6"
"CR-Ab","ssp245","Tropical Zone","2090s",26.1517916715328,21.9008441717419,32.1166330056711,10,1000,"SSP2-4.5"
"CR-Ab","ssp245","Temperate Zone","2090s",6.20691446080316,-7.73618929219039,19.3116620247187,10,1000,"SSP2-4.5"
"CR-Ab","ssp245","Polar Zone","2090s",50.7572942190799,13.2921190770052,85.1822001368651,10,1000,"SSP2-4.5"
"CR-Ab","ssp370","Tropical Zone","2090s",27.272904015942,24.3631889530813,30.1511926396243,10,1000,"SSP3-7.0"
"CR-Ab","ssp370","Temperate Zone","2090s",6.22519173765834,-6.39345097363803,21.1129419418207,10,1000,"SSP3-7.0"
"CR-Ab","ssp370","Polar Zone","2090s",36.1650223786279,7.28390027305533,65.4897707428862,10,1000,"SSP3-7.0"
"CR-Ab","ssp585","Tropical Zone","2090s",31.5133216641299,28.3139081708806,34.3846648397633,10,1000,"SSP5-8.5"
"CR-Ab","ssp585","Temperate Zone","2090s",9.52602070092812,-3.95316388691027,25.7782583898965,10,1000,"SSP5-8.5"
"CR-Ab","ssp585","Polar Zone","2090s",27.4807331549293,-0.142348847332895,55.645603436217,10,1000,"SSP5-8.5"
"CR-Ec","ssp126","Tropical Zone","2030s",-4.71977019176023,-9.3524110653744,-0.470339353762517,10,1000,"SSP1-2.6"
"CR-Ec","ssp126","Temperate Zone","2030s",-3.47586915773059,-7.95786371229473,0.965352697851789,10,1000,"SSP1-2.6"
"CR-Ec","ssp126","Polar Zone","2030s",-6.42547500558283,-10.0360490854843,-2.62727568221949,10,1000,"SSP1-2.6"
"CR-Ec","ssp245","Tropical Zone","2030s",-4.16385194721345,-8.9664029566866,0.640974427813378,10,1000,"SSP2-4.5"
"CR-Ec","ssp245","Temperate Zone","2030s",-2.98347269057257,-7.87735329920836,1.90866825598716,10,1000,"SSP2-4.5"
"CR-Ec","ssp245","Polar Zone","2030s",-6.02002024313764,-10.3662536004718,-1.72648391837137,10,1000,"SSP2-4.5"
"CR-Ec","ssp370","Tropical Zone","2030s",-3.77390463808608,-8.80614294430512,1.49212840219259,10,1000,"SSP3-7.0"
"CR-Ec","ssp370","Temperate Zone","2030s",-2.63355267524824,-7.74848580932263,2.73025421352852,10,1000,"SSP3-7.0"
"CR-Ec","ssp370","Polar Zone","2030s",-5.43169400231128,-10.2235361303865,-1.03559076676841,10,1000,"SSP3-7.0"
"CR-Ec","ssp585","Tropical Zone","2030s",-2.82824822639122,-8.79021800104403,2.71484306940825,10,1000,"SSP5-8.5"
"CR-Ec","ssp585","Temperate Zone","2030s",-2.05794864254554,-8.05420590981798,3.91880481089189,10,1000,"SSP5-8.5"
"CR-Ec","ssp585","Polar Zone","2030s",-4.74681006119763,-9.70736149056452,0.274886205727899,10,1000,"SSP5-8.5"
"CR-Ec","ssp126","Tropical Zone","2050s",-3.28994463789461,-7.71899401074436,1.16068950251539,10,1000,"SSP1-2.6"
"CR-Ec","ssp126","Temperate Zone","2050s",-2.00341878964711,-6.68478163672819,2.65852532265248,10,1000,"SSP1-2.6"
"CR-Ec","ssp126","Polar Zone","2050s",-5.19041333624712,-8.85275074105451,-1.24017832175157,10,1000,"SSP1-2.6"
"CR-Ec","ssp245","Tropical Zone","2050s",-0.610165859802934,-5.57787242568299,4.07679860078733,10,1000,"SSP2-4.5"
"CR-Ec","ssp245","Temperate Zone","2050s",0.703841412298711,-4.31633812105072,5.88730284682894,10,1000,"SSP2-4.5"
"CR-Ec","ssp245","Polar Zone","2050s",-2.53002701566219,-6.7332587740513,1.93552583898392,10,1000,"SSP2-4.5"
"CR-Ec","ssp370","Tropical Zone","2050s",0.576299211212709,-4.71856260229636,6.28415441589987,10,1000,"SSP3-7.0"
"CR-Ec","ssp370","Temperate Zone","2050s",2.03014845208743,-3.61039994556722,7.63178024738985,10,1000,"SSP3-7.0"
"CR-Ec","ssp370","Polar Zone","2050s",-1.05219318755641,-5.68184242389959,4.00150539980456,10,1000,"SSP3-7.0"
"CR-Ec","ssp585","Tropical Zone","2050s",2.34406000958825,-4.08774075273738,8.17582586519757,10,1000,"SSP5-8.5"
"CR-Ec","ssp585","Temperate Zone","2050s",3.68575040173829,-2.54345827020301,10.1288794282835,10,1000,"SSP5-8.5"
"CR-Ec","ssp585","Polar Zone","2050s",0.492192741297772,-4.66136036808991,6.0224329724054,10,1000,"SSP5-8.5"
"CR-Ec","ssp126","Tropical Zone","2090s",-4.53999677861034,-8.90288624790665,-0.207286166477771,10,1000,"SSP1-2.6"
"CR-Ec","ssp126","Temperate Zone","2090s",-3.17832265302605,-7.75399521202523,1.32293886600302,10,1000,"SSP1-2.6"
"CR-Ec","ssp126","Polar Zone","2090s",-6.38516968505239,-10.0962099698318,-2.15621587107095,10,1000,"SSP1-2.6"
"CR-Ec","ssp245","Tropical Zone","2090s",1.87415843705661,-3.27825302326844,6.78388921876781,10,1000,"SSP2-4.5"
"CR-Ec","ssp245","Temperate Zone","2090s",3.37875568835903,-1.53879947754141,8.52742755140827,10,1000,"SSP2-4.5"
"CR-Ec","ssp245","Polar Zone","2090s",-0.0876010902250622,-4.37439021591358,4.47998570129686,10,1000,"SSP2-4.5"
"CR-Ec","ssp370","Tropical Zone","2090s",4.87252946634456,-0.803023064562747,10.5994999204443,10,1000,"SSP3-7.0"
"CR-Ec","ssp370","Temperate Zone","2090s",6.38756597541695,0.45079597552624,11.9955122423168,10,1000,"SSP3-7.0"
"CR-Ec","ssp370","Polar Zone","2090s",2.83013595379457,-2.27648005570649,7.82136085302227,10,1000,"SSP3-7.0"
"CR-Ec","ssp585","Tropical Zone","2090s",8.64465313446269,2.52003494518586,15.2807897335037,10,1000,"SSP5-8.5"
"CR-Ec","ssp585","Temperate Zone","2090s",10.1153150651156,3.3254763210611,16.8929106381336,10,1000,"SSP5-8.5"
"CR-Ec","ssp585","Polar Zone","2090s",6.60454703456271,0.234803097049736,12.5831982839518,10,1000,"SSP5-8.5"
"CR-Kp","ssp126","Tropical Zone","2030s",4.82608484303539,-5.83149735615333,15.0309315220208,10,1000,"SSP1-2.6"
"CR-Kp","ssp126","Temperate Zone","2030s",6.70128785210732,-2.53470989693167,15.7390197124275,10,1000,"SSP1-2.6"
"CR-Kp","ssp126","Polar Zone","2030s",23.7301022642062,20.8429847648223,25.9491862125861,10,1000,"SSP1-2.6"
"CR-Kp","ssp245","Tropical Zone","2030s",5.98556215412875,-5.85234234001557,17.6721025239874,10,1000,"SSP2-4.5"
"CR-Kp","ssp245","Temperate Zone","2030s",8.61591713496494,-1.63133306483977,16.9700613857587,10,1000,"SSP2-4.5"
"CR-Kp","ssp245","Polar Zone","2030s",23.0591411178761,18.9648534697112,26.577599656322,10,1000,"SSP2-4.5"
"CR-Kp","ssp370","Tropical Zone","2030s",7.51155468143088,-4.77058501820441,18.8586766188915,10,1000,"SSP3-7.0"
"CR-Kp","ssp370","Temperate Zone","2030s",10.3319034058987,-0.065266783270595,19.7792152384664,10,1000,"SSP3-7.0"
"CR-Kp","ssp370","Polar Zone","2030s",26.5092088117854,21.8869411199326,32.1903040202398,10,1000,"SSP3-7.0"
"CR-Kp","ssp585","Tropical Zone","2030s",7.95490329856882,-4.92700199744388,20.0726220907273,10,1000,"SSP5-8.5"
"CR-Kp","ssp585","Temperate Zone","2030s",10.8014611975967,0.498169917671777,20.8847952034391,10,1000,"SSP5-8.5"
"CR-Kp","ssp585","Polar Zone","2030s",28.5212631980475,24.2634607584274,34.1238840898813,10,1000,"SSP5-8.5"
"CR-Kp","ssp126","Tropical Zone","2050s",22.7639356139288,7.76169924967323,38.3957608089724,10,1000,"SSP1-2.6"
"CR-Kp","ssp126","Temperate Zone","2050s",27.3034790195005,14.2559447399935,40.8072560833024,10,1000,"SSP1-2.6"
"CR-Kp","ssp126","Polar Zone","2050s",59.7606269119674,54.1676989088899,64.2502555106888,10,1000,"SSP1-2.6"
"CR-Kp","ssp245","Tropical Zone","2050s",26.9293135234636,10.8712612423762,43.681127134552,10,1000,"SSP2-4.5"
"CR-Kp","ssp245","Temperate Zone","2050s",31.5243009274043,16.6212670230085,45.4539648699223,10,1000,"SSP2-4.5"
"CR-Kp","ssp245","Polar Zone","2050s",63.1021154973953,56.9140370128945,67.3218378146363,10,1000,"SSP2-4.5"
"CR-Kp","ssp370","Tropical Zone","2050s",30.415037021032,12.8902497941029,46.1582967532073,10,1000,"SSP3-7.0"
"CR-Kp","ssp370","Temperate Zone","2050s",35.2792019221634,21.0733477922781,49.4827965263717,10,1000,"SSP3-7.0"
"CR-Kp","ssp370","Polar Zone","2050s",68.4699263090349,59.6503022897131,76.712462741854,10,1000,"SSP3-7.0"
"CR-Kp","ssp585","Tropical Zone","2050s",31.4716470054831,14.2719218646815,48.779168366312,10,1000,"SSP5-8.5"
"CR-Kp","ssp585","Temperate Zone","2050s",36.4949867064602,22.0863295366428,51.1670543610697,10,1000,"SSP5-8.5"
"CR-Kp","ssp585","Polar Zone","2050s",72.1288002582643,61.5521480954697,82.2712910728252,10,1000,"SSP5-8.5"
"CR-Kp","ssp126","Tropical Zone","2090s",38.3894381714953,20.1105188902287,57.7819314433266,10,1000,"SSP1-2.6"
"CR-Kp","ssp126","Temperate Zone","2090s",44.4088132881594,28.6080812407044,60.1093374244824,10,1000,"SSP1-2.6"
"CR-Kp","ssp126","Polar Zone","2090s",86.8873322229191,72.5936235046625,100.237699354871,10,1000,"SSP1-2.6"
"CR-Kp","ssp245","Tropical Zone","2090s",44.4629528386232,25.4632130397408,64.1761406901679,10,1000,"SSP2-4.5"
"CR-Kp","ssp245","Temperate Zone","2090s",51.0276102068435,33.6858635301118,68.9125624699345,10,1000,"SSP2-4.5"
"CR-Kp","ssp245","Polar Zone","2090s",92.8748972708917,77.2915837766273,109.17686062816,10,1000,"SSP2-4.5"
"CR-Kp","ssp370","Tropical Zone","2090s",45.0548616563628,25.5111706551157,64.9286275084301,10,1000,"SSP3-7.0"
"CR-Kp","ssp370","Temperate Zone","2090s",53.717731939653,36.3157830223989,72.3136951727699,10,1000,"SSP3-7.0"
"CR-Kp","ssp370","Polar Zone","2090s",92.1628412523357,78.5493858327407,106.024532153759,10,1000,"SSP3-7.0"
"CR-Kp","ssp585","Tropical Zone","2090s",45.5408787723132,24.6873360317539,65.1083448228903,10,1000,"SSP5-8.5"
"CR-Kp","ssp585","Temperate Zone","2090s",58.0878263896416,40.4633383331591,77.7429981017994,10,1000,"SSP5-8.5"
"CR-Kp","ssp585","Polar Zone","2090s",94.3566073106937,80.0954196221194,107.699021859151,10,1000,"SSP5-8.5"
"CR-Pa","ssp126","Tropical Zone","2030s",30.0505903660983,22.1389997866835,38.3896934068736,10,1000,"SSP1-2.6"
"CR-Pa","ssp126","Temperate Zone","2030s",5.50408358717995,-1.09993132431709,12.3373097063461,10,1000,"SSP1-2.6"
"CR-Pa","ssp126","Polar Zone","2030s",34.228394797289,28.3659830638559,40.1054159934415,10,1000,"SSP1-2.6"
"CR-Pa","ssp245","Tropical Zone","2030s",32.4517461037998,25.7687055470648,39.5030958970702,10,1000,"SSP2-4.5"
"CR-Pa","ssp245","Temperate Zone","2030s",6.90103151610336,0.222342872905354,14.1016797181351,10,1000,"SSP2-4.5"
"CR-Pa","ssp245","Polar Zone","2030s",35.8872775837219,29.8447758617369,41.5406051397632,10,1000,"SSP2-4.5"
"CR-Pa","ssp370","Tropical Zone","2030s",34.9145752121969,25.9212068094052,43.4516778279311,10,1000,"SSP3-7.0"
"CR-Pa","ssp370","Temperate Zone","2030s",8.89399049374642,2.56266096409695,16.0875484222294,10,1000,"SSP3-7.0"
"CR-Pa","ssp370","Polar Zone","2030s",36.7807130320863,30.9869494150483,42.0539087618329,10,1000,"SSP3-7.0"
"CR-Pa","ssp585","Tropical Zone","2030s",34.9951768765163,27.5145035210047,43.1455503022227,10,1000,"SSP5-8.5"
"CR-Pa","ssp585","Temperate Zone","2030s",9.1950355155722,1.75893335795633,18.0325121896796,10,1000,"SSP5-8.5"
"CR-Pa","ssp585","Polar Zone","2030s",37.4872532048306,31.5500765479076,43.6065460328955,10,1000,"SSP5-8.5"
"CR-Pa","ssp126","Tropical Zone","2050s",32.1161000566257,24.3573635516913,40.7783570693104,10,1000,"SSP1-2.6"
"CR-Pa","ssp126","Temperate Zone","2050s",7.76156643650636,0.791776556060699,16.0279119912044,10,1000,"SSP1-2.6"
"CR-Pa","ssp126","Polar Zone","2050s",35.5540742191086,26.744110858903,43.2615947949153,10,1000,"SSP1-2.6"
"CR-Pa","ssp245","Tropical Zone","2050s",35.086055229693,27.5969170937635,42.2082018217931,10,1000,"SSP2-4.5"
"CR-Pa","ssp245","Temperate Zone","2050s",11.2735936912336,4.16665572703416,19.2971993683694,10,1000,"SSP2-4.5"
"CR-Pa","ssp245","Polar Zone","2050s",38.3912351913715,29.6705989619881,47.649810711056,10,1000,"SSP2-4.5"
"CR-Pa","ssp370","Tropical Zone","2050s",37.5790939913417,29.5667313979496,46.2807914425677,10,1000,"SSP3-7.0"
"CR-Pa","ssp370","Temperate Zone","2050s",12.2803864301477,6.63122482640649,18.9971763932493,10,1000,"SSP3-7.0"
"CR-Pa","ssp370","Polar Zone","2050s",38.6234190421577,27.4525356194624,49.2661313694988,10,1000,"SSP3-7.0"
"CR-Pa","ssp585","Tropical Zone","2050s",37.3593432172654,29.9374600402089,44.6885697823814,10,1000,"SSP5-8.5"
"CR-Pa","ssp585","Temperate Zone","2050s",14.0660850952848,7.93965659785486,21.5855516310985,10,1000,"SSP5-8.5"
"CR-Pa","ssp585","Polar Zone","2050s",39.424315450963,28.2185259125353,51.2267330761423,10,1000,"SSP5-8.5"
"CR-Pa","ssp126","Tropical Zone","2090s",30.6817131681491,22.573339912416,39.288113335702,10,1000,"SSP1-2.6"
"CR-Pa","ssp126","Temperate Zone","2090s",7.23293018849144,0.404143180181671,14.5213337335999,10,1000,"SSP1-2.6"
"CR-Pa","ssp126","Polar Zone","2090s",35.2892223612758,24.859097146051,43.5900762670101,10,1000,"SSP1-2.6"
"CR-Pa","ssp245","Tropical Zone","2090s",33.4333620866603,25.326384943726,41.3368184626913,10,1000,"SSP2-4.5"
"CR-Pa","ssp245","Temperate Zone","2090s",13.0982286382367,6.23632026648689,21.2810149521726,10,1000,"SSP2-4.5"
"CR-Pa","ssp245","Polar Zone","2090s",38.7711442012055,26.5426699811343,50.4244345155307,10,1000,"SSP2-4.5"
"CR-Pa","ssp370","Tropical Zone","2090s",32.859267414173,26.1088482588628,39.9146560230445,10,1000,"SSP3-7.0"
"CR-Pa","ssp370","Temperate Zone","2090s",15.5812132236588,9.4491199882856,25.1433970001579,10,1000,"SSP3-7.0"
"CR-Pa","ssp370","Polar Zone","2090s",36.9924664105665,26.1535230306402,46.604062495464,10,1000,"SSP3-7.0"
"CR-Pa","ssp585","Tropical Zone","2090s",32.7596849251847,26.0055465365481,39.9120860128,10,1000,"SSP5-8.5"
"CR-Pa","ssp585","Temperate Zone","2090s",19.72625160635,12.5238153792062,29.902947394171,10,1000,"SSP5-8.5"
"CR-Pa","ssp585","Polar Zone","2090s",36.9613088712092,27.7400183258754,45.6896612577488,10,1000,"SSP5-8.5"
