"Bacteria","scenario","period","relative_change_pct","lower_95ci_pct","upper_95ci_pct","n_years","n_draws","Scenario_Label","Scenario_Full_Label"
"3GCR-Ec","ssp126","2030s",-0.339504473101294,-10.8529751553882,10.6469164068463,10,1000,"SSP1-2.6","SSP1-2.6 (Sustainability)"
"3GCR-Ec","ssp126","2050s",1.11099068035544,-10.6847900899819,12.6876848298489,10,1000,"SSP1-2.6","SSP1-2.6 (Sustainability)"
"3GCR-Ec","ssp126","2090s",0.263419553289636,-10.3484304323123,12.3744380670492,10,1000,"SSP1-2.6","SSP1-2.6 (Sustainability)"
"3GCR-Ec","ssp245","2030s",1.69198001337119,-9.00964558087306,14.6949842852767,10,1000,"SSP2-4.5","SSP2-4.5 (Middle of the Road)"
"3GCR-Ec","ssp245","2050s",4.45980669349812,-6.91251767717226,17.6412085362129,10,1000,"SSP2-4.5","SSP2-4.5 (Middle of the Road)"
"3GCR-Ec","ssp245","2090s",4.75237619225241,-7.08651089308724,17.4018491610028,10,1000,"SSP2-4.5","SSP2-4.5 (Middle of the Road)"
"3GCR-Ec","ssp370","2030s",3.1969477415169,-8.04269116281631,15.308376933484,10,1000,"SSP3-7.0","SSP3-7.0 (Regional Rivalry)"
"3GCR-Ec","ssp370","2050s",6.60527801337351,-4.72184404097109,17.6559844847492,10,1000,"SSP3-7.0","SSP3-7.0 (Regional Rivalry)"
"3GCR-Ec","ssp370","2090s",6.34885673150874,-5.32594032469063,19.273757390456,10,1000,"SSP3-7.0","SSP3-7.0 (Regional Rivalry)"
"3GCR-Ec","ssp585","2030s",3.6688995630815,-6.79058509997906,15.6615330701729,10,1000,"SSP5-8.5","SSP5-8.5 (Fossil-fueled Development)"
"3GCR-Ec","ssp585","2050s",7.44147186997155,-5.14274584658413,20.208260192912,10,1000,"SSP5-8.5","SSP5-8.5 (Fossil-fueled Development)"
"3GCR-Ec","ssp585","2090s",8.71507680145863,-5.27253533468009,24.1881294097795,10,1000,"SSP5-8.5","SSP5-8.5 (Fossil-fueled Development)"
"3GCR-Kp","ssp126","2030s",26.5080049644641,20.8752382909054,33.7509196540814,10,1000,"SSP1-2.6","SSP1-2.6 (Sustainability)"
"3GCR-Kp","ssp126","2050s",31.07413061669,24.7527066912164,39.6644504140719,10,1000,"SSP1-2.6","SSP1-2.6 (Sustainability)"
"3GCR-Kp","ssp126","2090s",29.8489123660654,23.6469405645031,37.9075630575593,10,1000,"SSP1-2.6","SSP1-2.6 (Sustainability)"
"3GCR-Kp","ssp245","2030s",27.9868987244393,21.5026837472796,35.9702969419688,10,1000,"SSP2-4.5","SSP2-4.5 (Middle of the Road)"
"3GCR-Kp","ssp245","2050s",35.3648158106185,28.4391395616918,43.98578826172,10,1000,"SSP2-4.5","SSP2-4.5 (Middle of the Road)"
"3GCR-Kp","ssp245","2090s",39.7572905210946,31.394291140615,49.424487186345,10,1000,"SSP2-4.5","SSP2-4.5 (Middle of the Road)"
"3GCR-Kp","ssp370","2030s",28.8496253312251,22.5978656414515,36.4248396761818,10,1000,"SSP3-7.0","SSP3-7.0 (Regional Rivalry)"
"3GCR-Kp","ssp370","2050s",37.2623307387548,30.2627224509438,45.9252010194522,10,1000,"SSP3-7.0","SSP3-7.0 (Regional Rivalry)"
"3GCR-Kp","ssp370","2090s",44.7930333285274,36.4098749410504,54.4525686678796,10,1000,"SSP3-7.0","SSP3-7.0 (Regional Rivalry)"
"3GCR-Kp","ssp585","2030s",30.0122556145135,24.0211670968197,37.1808799834038,10,1000,"SSP5-8.5","SSP5-8.5 (Fossil-fueled Development)"
"3GCR-Kp","ssp585","2050s",40.1890552149185,32.6774770093936,48.4084547207026,10,1000,"SSP5-8.5","SSP5-8.5 (Fossil-fueled Development)"
"3GCR-Kp","ssp585","2090s",50.3971496417673,39.7091146126241,62.2811122832269,10,1000,"SSP5-8.5","SSP5-8.5 (Fossil-fueled Development)"
"CR-Ab","ssp126","2030s",5.51527994249586,-8.08095005876755,19.0103664364438,10,1000,"SSP1-2.6","SSP1-2.6 (Sustainability)"
"CR-Ab","ssp126","2050s",7.26003534405789,-6.44643584530625,19.4993819054343,10,1000,"SSP1-2.6","SSP1-2.6 (Sustainability)"
"CR-Ab","ssp126","2090s",6.47204651570681,-6.6510962061162,18.9108607551354,10,1000,"SSP1-2.6","SSP1-2.6 (Sustainability)"
"CR-Ab","ssp245","2030s",8.16995689927979,-6.10673985204841,23.8077378406085,10,1000,"SSP2-4.5","SSP2-4.5 (Middle of the Road)"
"CR-Ab","ssp245","2050s",10.5465426944286,-3.62908920523855,25.2685223147167,10,1000,"SSP2-4.5","SSP2-4.5 (Middle of the Road)"
"CR-Ab","ssp245","2090s",9.5603994127433,-2.37063246972742,20.633787334146,10,1000,"SSP2-4.5","SSP2-4.5 (Middle of the Road)"
"CR-Ab","ssp370","2030s",11.7207634227469,-1.82192393551028,25.7105248877014,10,1000,"SSP3-7.0","SSP3-7.0 (Regional Rivalry)"
"CR-Ab","ssp370","2050s",10.7588621053599,-1.18266475107733,21.5543480412165,10,1000,"SSP3-7.0","SSP3-7.0 (Regional Rivalry)"
"CR-Ab","ssp370","2090s",9.75286824153837,-0.80064953359661,21.6091718920685,10,1000,"SSP3-7.0","SSP3-7.0 (Regional Rivalry)"
"CR-Ab","ssp585","2030s",10.2539618916492,-5.69738124746263,28.1825633906177,10,1000,"SSP5-8.5","SSP5-8.5 (Fossil-fueled Development)"
"CR-Ab","ssp585","2050s",11.4996723031459,-0.718898420301121,23.8664617685185,10,1000,"SSP5-8.5","SSP5-8.5 (Fossil-fueled Development)"
"CR-Ab","ssp585","2090s",13.2024086932768,1.98508655598316,26.9729381159474,10,1000,"SSP5-8.5","SSP5-8.5 (Fossil-fueled Development)"
"CR-Ec","ssp126","2030s",-3.98082082297567,-7.45544544334193,-0.870738986494019,10,1000,"SSP1-2.6","SSP1-2.6 (Sustainability)"
"CR-Ec","ssp126","2050s",-2.52571936261493,-5.92421138540783,0.733965934088185,10,1000,"SSP1-2.6","SSP1-2.6 (Sustainability)"
"CR-Ec","ssp126","2090s",-3.73107597565448,-7.11126577436507,-0.315982510235068,10,1000,"SSP1-2.6","SSP1-2.6 (Sustainability)"
"CR-Ec","ssp245","2030s",-3.46271785447704,-6.92661078237108,-0.0232028200903306,10,1000,"SSP2-4.5","SSP2-4.5 (Middle of the Road)"
"CR-Ec","ssp245","2050s",0.170391108440848,-3.52436810308783,4.07958874041285,10,1000,"SSP2-4.5","SSP2-4.5 (Middle of the Road)"
"CR-Ec","ssp245","2090s",2.76801048879605,-1.5194792415685,6.70037720936938,10,1000,"SSP2-4.5","SSP2-4.5 (Middle of the Road)"
"CR-Ec","ssp370","2030s",-3.09650096765637,-6.95018786447497,0.809282602715239,10,1000,"SSP3-7.0","SSP3-7.0 (Regional Rivalry)"
"CR-Ec","ssp370","2050s",1.440092411436,-2.43543590439001,5.64210974640005,10,1000,"SSP3-7.0","SSP3-7.0 (Regional Rivalry)"
"CR-Ec","ssp370","2090s",5.77256080621732,1.36197925417678,10.0410396445526,10,1000,"SSP3-7.0","SSP3-7.0 (Regional Rivalry)"
"CR-Ec","ssp585","2030s",-2.37093471178106,-6.52271767644389,1.96360198463639,10,1000,"SSP5-8.5","SSP5-8.5 (Fossil-fueled Development)"
"CR-Ec","ssp585","2050s",3.14109788305904,-1.73293995643084,7.55041949957815,10,1000,"SSP5-8.5","SSP5-8.5 (Fossil-fueled Development)"
"CR-Ec","ssp585","2090s",9.51830376532288,4.60836814923695,14.5225257801166,10,1000,"SSP5-8.5","SSP5-8.5 (Fossil-fueled Development)"
"CR-Kp","ssp126","2030s",6.26778395515997,-2.17958085605729,14.6881651417189,10,1000,"SSP1-2.6","SSP1-2.6 (Sustainability)"
"CR-Kp","ssp126","2050s",26.2523258824973,13.9568165615217,39.0534396860771,10,1000,"SSP1-2.6","SSP1-2.6 (Sustainability)"
"CR-Kp","ssp126","2090s",43.0148885974827,28.477836548297,57.7618387557604,10,1000,"SSP1-2.6","SSP1-2.6 (Sustainability)"
"CR-Kp","ssp245","2030s",8.00599221235126,-1.25419375405868,15.9296617578088,10,1000,"SSP2-4.5","SSP2-4.5 (Middle of the Road)"
"CR-Kp","ssp245","2050s",30.46005990998,16.6506396488006,43.0214643185903,10,1000,"SSP2-4.5","SSP2-4.5 (Middle of the Road)"
"CR-Kp","ssp245","2090s",49.5065366640952,33.6462375909962,66.2422353640843,10,1000,"SSP2-4.5","SSP2-4.5 (Middle of the Road)"
"CR-Kp","ssp370","2030s",9.67805799978498,0.112587951166093,18.4992924585892,10,1000,"SSP3-7.0","SSP3-7.0 (Regional Rivalry)"
"CR-Kp","ssp370","2050s",34.1525705908614,21.1234097490131,47.063475908535,10,1000,"SSP3-7.0","SSP3-7.0 (Regional Rivalry)"
"CR-Kp","ssp370","2090s",51.7072069738699,35.7168579497769,68.5193409611259,10,1000,"SSP3-7.0","SSP3-7.0 (Regional Rivalry)"
"CR-Kp","ssp585","2030s",10.1418120092292,0.564091760911464,19.1075351542307,10,1000,"SSP5-8.5","SSP5-8.5 (Fossil-fueled Development)"
"CR-Kp","ssp585","2050s",35.3317529628269,21.9837239910701,48.6235794484005,10,1000,"SSP5-8.5","SSP5-8.5 (Fossil-fueled Development)"
"CR-Kp","ssp585","2090s",55.17206654316,38.8549653807516,71.707979956296,10,1000,"SSP5-8.5","SSP5-8.5 (Fossil-fueled Development)"
"CR-Pa","ssp126","2030s",7.90385214343169,1.61460627942433,14.2900006833485,10,1000,"SSP1-2.6","SSP1-2.6 (Sustainability)"
"CR-Pa","ssp126","2050s",10.1384206051887,3.62191605588756,18.1218671623457,10,1000,"SSP1-2.6","SSP1-2.6 (Sustainability)"
"CR-Pa","ssp126","2090s",9.52899566253404,3.07994689207485,16.6572747655973,10,1000,"SSP1-2.6","SSP1-2.6 (Sustainability)"
"CR-Pa","ssp245","2030s",9.39362127450697,3.14522764913389,16.336485173879,10,1000,"SSP2-4.5","SSP2-4.5 (Middle of the Road)"
"CR-Pa","ssp245","2050s",13.5972149765335,6.87021407317954,21.3169445401573,10,1000,"SSP2-4.5","SSP2-4.5 (Middle of the Road)"
"CR-Pa","ssp245","2090s",15.0972798458639,8.85798183825774,22.3752532230748,10,1000,"SSP2-4.5","SSP2-4.5 (Middle of the Road)"
"CR-Pa","ssp370","2030s",11.4228459331448,5.33247446855704,18.155229347029,10,1000,"SSP3-7.0","SSP3-7.0 (Regional Rivalry)"
"CR-Pa","ssp370","2050s",14.7345699838896,9.29814619872848,21.3408452626564,10,1000,"SSP3-7.0","SSP3-7.0 (Regional Rivalry)"
"CR-Pa","ssp370","2090s",17.2773795532414,11.6577150686667,25.9050116058334,10,1000,"SSP3-7.0","SSP3-7.0 (Regional Rivalry)"
"CR-Pa","ssp585","2030s",11.7062295695442,4.6420935037698,19.8904469773136,10,1000,"SSP5-8.5","SSP5-8.5 (Fossil-fueled Development)"
"CR-Pa","ssp585","2050s",16.332193278415,10.4534120546842,23.2082871830863,10,1000,"SSP5-8.5","SSP5-8.5 (Fossil-fueled Development)"
"CR-Pa","ssp585","2090s",21.0120832123853,14.642336283848,30.3222180649738,10,1000,"SSP5-8.5","SSP5-8.5 (Fossil-fueled Development)"
