"x_scaled","x_orig","y","lower_ci_99","upper_ci_99","lower_ci_95","upper_ci_95","lower_ci_90","upper_ci_90","effect_size","type","significance_level","sig_symbol","Bacteria","Climate_Variable","Lag_Years","Relationship_Type","Value","OR","Lower_CI","Upper_CI","Smooth_Parameter","label_short","x_value","or_value","Figure_Label","Model","priority_score"
3.87268022698867,40,0.412411369622537,0.113517316426094,1.49727347173429,0.154220912136586,1.10140191977011,0.18052837568408,0.941023051443109,0.587588630377463,"Trend Global minimum","Marginally significant","m","3GCR-Ec","Temperature",1,"Threshold",40,0.412411369622537,0.154220912136586,1.10140191977011,0.299998865857943,"GMin","40","0.412","GMin (40°C)
OR = 0.412m","Model B",NA
-0.754702128801354,7.63969974979149,1.16201660388072,1.01808728013374,1.32731953000494,1.05071981347993,1.28567787870715,1.06782738228933,1.26491274929862,0.162016603880716,"Global maximum","Highly significant","**","3GCR-Ec","Temperature",1,"Threshold",7.63969974979149,1.16201660388072,1.05071981347993,1.28567787870715,0.299998865857943,"GMax"," 7.640","1.162","GMax ( 7.640°C)
OR = 1.162**","Model B",NA
0.414069703331177,15.81317764804,0.940121643130944,0.838129717748272,1.05471841091191,0.861447691298218,1.02608984629424,0.873625539407523,1.01175496922203,0.0598783568690555,"Trend Rapid change","Trend only","","3GCR-Ec","Temperature",1,"Threshold",15.81317764804,0.940121643130944,0.861447691298218,1.02608984629424,0.299998865857943,"Tre","15.813","0.940","Tre (15.813°C)
OR = 0.940","Model B",NA
-1.8311758028862,46.2885738115096,0.889173076090814,0.697491188145094,1.13343063792905,0.739196087735189,1.06952390803134,0.761474400193174,1.03824897585363,0.110826923909186,"Trend Minimum","Trend only","","3GCR-Ec","Wet Days",2,"Threshold",46.2885738115096,0.889173076090814,0.739196087735189,1.06952390803134,0.22,"Min"," 46.289","0.889","Min ( 46.289d)
OR = 0.889","Model B",NA
-1.011433998241,88.8240200166806,1.08125014736127,0.888321468974676,1.31629517152152,0.931054366986681,1.25579422056509,0.953698027700359,1.22594354648476,0.0812501473612683,"Trend Rapid change","Trend only","","3GCR-Ec","Wet Days",2,"Threshold",88.8240200166806,1.08125014736127,0.931054366986681,1.25579422056509,0.22,"Tre"," 88.824","1.081","Tre ( 88.824d)
OR = 1.081","Model B",NA
-0.524410926069432,114.095079232694,1.24350032918201,1.07568833332996,1.43758880491372,1.11362566295158,1.3885757049112,1.13354129162601,1.36416351046462,0.243500329182008,"Maximum","Highly significant","**","3GCR-Ec","Wet Days",2,"Threshold",114.095079232694,1.24350032918201,1.11362566295158,1.3885757049112,0.22,"Max","114.095","1.244","Max (114.095d)
OR = 1.244**","Model B",NA
1.1006066513743,198.415346121768,0.877603032206999,0.761206516911038,1.01177486697202,0.787553913939949,0.977935588582149,0.801377244515045,0.961070448741932,0.122396967793001,"Global minimum","Significant","*","3GCR-Ec","Wet Days",2,"Threshold",198.415346121768,0.877603032206999,0.787553913939949,0.977935588582149,0.22,"GMin","198.415","0.878","GMin (198.415d)
OR = 0.878*","Model B",NA
3.05834296129168,300,1.42424684764176,0.489192346460713,4.12065466848937,0.631720419611625,3.19881123156199,0.71997926656117,2.80970607742615,0.424246847641757,"Trend Global maximum","Trend only","","3GCR-Ec","Wet Days",2,"Threshold",300,1.42424684764176,0.631720419611625,3.19881123156199,0.22,"GMax","300","1.424","GMax (300d)
OR = 1.424","Model B",NA
4.78767697533524,3200,2.49342000928642,0.522186329169162,11.752237301734,0.759412244572966,8.12274396528434,0.91964548326941,6.72246318858918,1.49342000928642,"Trend Global maximum","Trend only","","3GCR-Ec","Precipitation",3,"Threshold",3200,2.49342000928642,0.759412244572966,8.12274396528434,0.299998392786354,"GMax","3200","2.493","GMax (3200mm)
OR = 2.493","Model B",NA
1.60307470016514,1670.72560467056,0.730430745464273,0.618496176058269,0.861665854948251,0.643651212090462,0.828378434878493,0.656893961549326,0.811832845935966,0.269569254535727,"Global minimum","Highly significant","**","3GCR-Ec","Precipitation",3,"Threshold",1670.72560467056,0.730430745464273,0.643651212090462,0.828378434878493,0.299998392786354,"GMin","1670.726","0.730","GMin (1670.726mm)
OR = 0.730**","Model B",NA
-0.847901919991954,493.744787322769,1.09510479330192,0.981928471164004,1.22207844463413,1.0078236938653,1.1903692676115,1.02134220339461,1.17448967191398,0.095104793301916,"Stable region","Significant","*","3GCR-Ec","Precipitation",3,"Threshold",493.744787322769,1.09510479330192,1.0078236938653,1.1903692676115,0.299998392786354,"Sta"," 493.745","1.095","Sta ( 493.745mm)
OR = 1.095*","Model B",NA
-3.29289116391367,-10,0.749615481546858,0.514485676167853,1.08961143243611,0.563056725285183,0.996610830594378,0.589611152672913,0.952113479069809,0.250384518453142,"Global minimum","Significant","*","3GCR-Kp","Temperature",3,"Threshold",-10,0.749615481546858,0.563056725285183,0.996610830594378,0.299999558109948,"GMin","-10","0.750","GMin (-10°C)
OR = 0.750*","Model B",NA
-0.106926220696999,12.7272727272727,1.0355374392305,0.999732412681502,1.07254584475652,1.00818673414663,1.06358480402769,1.01253598733804,1.05902961759262,0.0355374392305021,"Global maximum","Significant","*","3GCR-Kp","Temperature",3,"Threshold",12.7272727272727,1.0355374392305,1.00818673414663,1.06358480402769,0.299999558109948,"GMax"," 12.727","1.036","GMax ( 12.727°C)
OR = 1.036*","Model B",NA
3.70454009669249,39.9165971643036,0.906753661557603,0.76314455093954,1.07622382747316,0.795350661008105,1.03311448208137,0.812320417436633,1.01171927409681,0.0932463384423966,"Trend Minimum","Trend only","","3GCR-Kp","Temperature",3,"Threshold",39.9165971643036,0.906753661557603,0.795350661008105,1.03311448208137,0.299999558109948,"Min"," 39.917","0.907","Min ( 39.917°C)
OR = 0.907","Model B",NA
-2.11203810239116,-1.57631359466222,0.872799989785209,0.736485554970171,1.03433440415433,0.767006110807296,0.993180812330862,0.78309958900959,0.97277158557372,0.127200010214791,"Rapid change","Significant","*","3GCR-Kp","Temperature",3,"Threshold",-1.57631359466222,0.872799989785209,0.767006110807296,0.993180812330862,0.299999558109948,"Rap"," -1.576","0.873","Rap ( -1.576°C)
OR = 0.873*","Model B",NA
4.55154951676948,3200,3.12133930511756,1.58739535236906,6.13168632765482,1.86611510933036,5.21796053252306,2.02701312734432,4.80456441195941,2.12133930511756,"Global maximum","Highly significant","**","3GCR-Kp","Precipitation",1,"Threshold",3200,3.12133930511756,1.86611510933036,5.21796053252306,0.18,"GMax","3200","3.121","GMax (3200mm)
OR = 3.121**","Model B",NA
1.50069652414661,1662.7189324437,0.815930144535448,0.756735690465692,0.879759535362169,0.770487625268439,0.864055397788717,0.777616245021169,0.856133610051297,0.184069855464552,"Global minimum","Highly significant","**","3GCR-Kp","Precipitation",1,"Threshold",1662.7189324437,0.815930144535448,0.770487625268439,0.864055397788717,0.18,"GMin","1662.719","0.816","GMin (1662.719mm)
OR = 0.816**","Model B",NA
0.0441260849603489,928.773978315263,1.07117456697406,1.02566633060635,1.11870704290626,1.03636925132428,1.10715168258241,1.0418855279976,1.10128900015041,0.0711745669740649,"Maximum","Highly significant","**","3GCR-Kp","Precipitation",1,"Threshold",928.773978315263,1.07117456697406,1.03636925132428,1.10715168258241,0.18,"Max"," 928.774","1.071","Max ( 928.774mm)
OR = 1.071**","Model B",NA
-1.07346068837893,365.638031693078,0.96892151517203,0.887951116035216,1.0572899175552,0.906674742526874,1.03544998698571,0.916401601031975,1.02445712512263,0.0310784848279698,"Trend Minimum","Not significant","","3GCR-Kp","Precipitation",1,"Threshold",365.638031693078,0.96892151517203,0.906674742526874,1.03544998698571,0.18,"Min"," 365.638","0.969","Min ( 365.638mm)
OR = 0.969","Model B",NA
-3.38810860469845,-10,0.0495818848668722,0.0122195814921661,0.222838599141823,0.0168150031595908,0.154923446782122,0.0198851831172259,0.12873084137885,0.950418115133128,"Global minimum","Highly significant","**","CR-Ab","Temperature",1,"Threshold",-10,0.0495818848668722,0.0168150031595908,0.154923446782122,0.18,"GMin","-10","0.050","GMin (-10°C)
OR = 0.050**","Model B",NA
0.834383753586598,20.1501251042535,1.3548354715327,1.1559346126748,1.58806660739606,1.20065908168002,1.52886847418619,1.2241956600325,1.4994571533282,0.354835471532703,"Global maximum","Highly significant","**","CR-Ab","Temperature",1,"Threshold",20.1501251042535,1.3548354715327,1.20065908168002,1.52886847418619,0.18,"GMax"," 20.150","1.355","GMax ( 20.150°C)
OR = 1.355**","Model B",NA
1.97907047865419,28.3236030025021,0.948162833088954,0.763243932893628,1.17782134803284,0.803888866524599,1.11829527703432,0.825501663975783,1.08902663065099,0.0518371669110465,"Trend Rapid change","Trend only","","CR-Ab","Temperature",1,"Threshold",28.3236030025021,0.948162833088954,0.803888866524599,1.11829527703432,0.18,"Tre"," 28.324","0.948","Tre ( 28.324°C)
OR = 0.948","Model B",NA
-0.195675476122893,124.353628023353,1.0127097731636,0.970039837203363,1.05726564644174,0.980076282558933,1.04643500297302,0.985248801630729,1.04093974564296,0.012709773163601,"Trend Global maximum","Not significant","","CR-Ab","Wet Days",2,"Threshold",124.353628023353,1.0127097731636,0.980076282558933,1.04643500297302,0.22,"GMax","124.354","1.013","GMax (124.354d)
OR = 1.013","Model B",NA
2.1537899487304,248.707256046706,0.939525262344864,0.783299284711395,1.126931619197,0.818113419476874,1.0789672779406,0.83651022364662,1.05523479875697,0.0604747376551357,"Trend Rapid change","Trend only","","CR-Ab","Wet Days",2,"Threshold",248.707256046706,0.939525262344864,0.818113419476874,1.0789672779406,0.22,"Tre","248.707","0.940","Tre (248.707d)
OR = 0.940","Model B",NA
3.12288534529966,300,0.893504892093636,0.643387904063211,1.24078992950315,0.695948619021754,1.14710507448823,0.724465267779434,1.10196220612479,0.106495107906364,"Trend Global minimum","Trend only","","CR-Ab","Wet Days",2,"Threshold",300,0.893504892093636,0.695948619021754,1.14710507448823,0.22,"GMin","300","0.894","GMin (300d)
OR = 0.894","Model B",NA
4.02288022912727,3200,1.36812352041532,0.78450991597449,2.38549906349412,0.896097890607082,2.08858523557616,0.959159333412723,1.95132401334123,0.368123520415316,"Trend Global maximum","Trend only","","CR-Ab","Precipitation",3,"Threshold",3200,1.36812352041532,0.896097890607082,2.08858523557616,0.18,"GMax","3200","1.368","GMax (3200mm)
OR = 1.368","Model B",NA
-0.214307188084885,819.349457881568,0.972467078306686,0.93954660097437,1.00653497819063,0.947316574335257,0.998281824331914,0.951314528305236,0.994087513114133,0.027532921693314,"Global minimum","Significant","*","CR-Ab","Precipitation",3,"Threshold",819.349457881568,0.972467078306686,0.947316574335257,0.998281824331914,0.18,"GMin"," 819.349","0.972","GMin ( 819.349mm)
OR = 0.972*","Model B",NA
1.27907379301599,21.8181818181818,0.94904485501836,0.904895501042466,0.995304937069116,0.915265878588501,0.984045709417859,0.920613924189715,0.97833645727338,0.0509551449816397,"Global minimum","Highly significant","**","CR-Ec","Temperature",3,"Threshold",21.8181818181818,0.94904485501836,0.915265878588501,0.984045709417859,0.299999741622943,"GMin","21.818","0.949","GMin (21.818°C)
OR = 0.949**","Model B",NA
3.90215162123355,40,1.09070512865038,0.820601747349036,1.44872619366911,0.878428855948644,1.35374304626216,0.90954532696176,1.30758261677378,0.0907051286503795,"Trend Global maximum","Trend only","","CR-Ec","Temperature",3,"Threshold",40,1.09070512865038,0.878428855948644,1.35374304626216,0.299999741622943,"GMax","40","1.091","GMax (40°C)
OR = 1.091","Model B",NA
-1.45831247266976,2.84403669724771,1.0344421459363,0.997943634348289,1.07226616268623,1.00655344831675,1.06309817456732,1.01098466152351,1.05844012904517,0.0344421459363049,"Maximum","Significant","*","CR-Ec","Temperature",3,"Threshold",2.84403669724771,1.0344421459363,1.00655344831675,1.06309817456732,0.299999741622943,"Max"," 2.844","1.034","Max ( 2.844°C)
OR = 1.034*","Model B",NA
-0.104551593493329,135.11259382819,1.01526425040922,0.997645329140524,1.0331936224244,1.00183059392593,1.02887763192218,1.00397755134981,1.02667754732985,0.0152642504092237,"Global maximum","Significant","*","CR-Ec","Wet Days",1,"Threshold",135.11259382819,1.01526425040922,1.00183059392593,1.02887763192218,0.22,"GMax","135.113","1.015","GMax (135.113d)
OR = 1.015*","Model B",NA
2.0606835392217,248.457047539616,0.939914039061222,0.879872950589422,1.00406688121492,0.893870859622986,0.988337247711432,0.901115034002869,0.980389435577659,0.0600859609387784,"Rapid change","Significant","*","CR-Ec","Wet Days",1,"Threshold",248.457047539616,0.939914039061222,0.893870859622986,0.988337247711432,0.22,"Rap","248.457","0.940","Rap (248.457d)
OR = 0.940*","Model B",NA
3.04531585122898,300,0.88103145419738,0.760237503033519,1.02098894670332,0.787524888919503,0.985624007408133,0.801854800228106,0.96801473229524,0.11896854580262,"Global minimum","Significant","*","CR-Ec","Wet Days",1,"Threshold",300,0.88103145419738,0.787524888919503,0.985624007408133,0.22,"GMin","300","0.881","GMin (300d)
OR = 0.881*","Model B",NA
1.40760582033111,23.3194328607173,1.27602734448096,1.07416653208106,1.51556903173819,1.11934189236432,1.45450484563603,1.14316761247551,1.42423103898793,0.276027344480959,"Global maximum","Highly significant","**","CR-Kp","Temperature",3,"Threshold",23.3194328607173,1.27602734448096,1.11934189236432,1.45450484563603,0.299998743537536,"GMax","23.319","1.276","GMax (23.319°C)
OR = 1.276**","Model B",NA
3.77436453997302,40,0.823458711266209,0.593354955096136,1.13710120205129,0.642051020704877,1.05307627259528,0.668390999900118,1.0124418754955,0.176541288733791,"Trend Global minimum","Trend only","","CR-Kp","Temperature",3,"Threshold",40,0.823458711266209,0.642051020704877,1.05307627259528,0.299998743537536,"GMin","40","0.823","GMin (40°C)
OR = 0.823","Model B",NA
0.555572681260022,17.3144286905755,1.13625220288142,1.02247534652217,1.26308714704249,1.04857080465296,1.23148989333126,1.06217880859382,1.21564730062248,0.136252202881424,"Rapid change","Highly significant","**","CR-Kp","Temperature",3,"Threshold",17.3144286905755,1.13625220288142,1.04857080465296,1.23148989333126,0.299998743537536,"Rap","17.314","1.136","Rap (17.314°C)
OR = 1.136**","Model B",NA
-2.01236052955145,-0.783986655546292,0.879893336834965,0.67722219337628,1.14317536575572,0.720963946125425,1.0738368400739,0.744416176805089,1.04001301706417,0.120106663165035,"Trend Minimum","Trend only","","CR-Kp","Temperature",3,"Threshold",-0.783986655546292,0.879893336834965,0.720963946125425,1.0738368400739,0.299998743537536,"Min","-0.784","0.880","Min (-0.784°C)
OR = 0.880","Model B",NA
-1.64194387212013,51.7931609674729,0.74011741297744,0.58062257412388,0.943170901247434,0.61533423095898,0.890066575334244,0.633874730859703,0.86407241202253,0.25988258702256,"Global minimum","Highly significant","**","CR-Kp","Wet Days",2,"Threshold",51.7931609674729,0.74011741297744,0.61533423095898,0.890066575334244,0.18,"GMin"," 51.793","0.740","GMin ( 51.793d)
OR = 0.740**","Model B",NA
-0.93645671742499,89.0742285237698,1.00795876684633,0.849930826699481,1.19523883117776,0.885314561555453,1.14752081720746,0.903971830922371,1.12385781530832,0.00795876684632635,"Trend Rapid change","Not significant","","CR-Kp","Wet Days",2,"Threshold",89.0742285237698,1.00795876684633,0.885314561555453,1.14752081720746,0.18,"Tre"," 89.074","1.008","Tre ( 89.074d)
OR = 1.008","Model B",NA
-0.43930133995526,115.34612176814,1.27376814906397,1.11782677903159,1.45150493683187,1.15328298251182,1.40686356547569,1.17184709860972,1.38456968879075,0.273768149063974,"Maximum","Highly significant","**","CR-Kp","Wet Days",2,"Threshold",115.34612176814,1.27376814906397,1.15328298251182,1.40686356547569,0.18,"Max","115.346","1.274","Max (115.346d)
OR = 1.274**","Model B",NA
0.41769983454018,160.633861551293,0.950114855688934,0.866107162429082,1.04226416396007,0.885494755523922,1.01944690968,0.895575839935341,1.0079725704709,0.0498851443110665,"Trend Minimum","Trend only","","CR-Kp","Wet Days",2,"Threshold",160.633861551293,0.950114855688934,0.885494755523922,1.01944690968,0.18,"Min","160.634","0.950","Min (160.634d)
OR = 0.950","Model B",NA
3.05499074168913,300,1.71334154640817,0.705954187354137,4.14741979258661,0.872756696366734,3.35828475789518,0.972742920148872,3.01444123605341,0.713341546408172,"Trend Global maximum","Trend only","","CR-Kp","Wet Days",2,"Threshold",300,1.71334154640817,0.872756696366734,3.35828475789518,0.18,"GMax","300","1.713","GMax (300d)
OR = 1.713","Model B",NA
-1.09125861011184,5.30442035029191,0.988579882470854,0.956350323198794,1.02189371162217,0.963960653583403,1.01382679553111,0.967875632017564,1.00972626709062,0.0114201175291456,"Trend Global minimum","Not significant","","CR-Pa","Temperature",2,"Threshold",5.30442035029191,0.988579882470854,0.963960653583403,1.01382679553111,0.15,"GMin","  5.304","0.989","GMin (  5.304°C)
OR = 0.989","Model B",NA
4.82175191421619,40,1.04533517139982,0.762481820715104,1.43310822329115,0.82223547111418,1.32896441543682,0.854578707602076,1.2786684384568,0.045335171399816,"Trend Global maximum","Trend only","","CR-Pa","Temperature",2,"Threshold",40,1.04533517139982,0.82223547111418,1.32896441543682,0.15,"GMax","40","1.045","GMax (40°C)
OR = 1.045","Model B",NA
-3.69952166591519,-10,1.01985032701017,0.955136871871693,1.08889898044055,0.970232087799562,1.071977952322,0.978042213530615,1.06342595094426,0.0198503270101675,"Trend Rapid change","Not significant","","CR-Pa","Temperature",2,"Threshold",-10,1.01985032701017,0.970232087799562,1.071977952322,0.15,"Tre","-10","1.020","Tre (-10°C)
OR = 1.020","Model B",NA
-3.23588027923993,0.01,0.780610379662935,0.530070854713598,1.1493516311215,0.581471914333799,1.04783062254004,0.609655846335565,0.999422445878348,0.219389620337065,"Trend Global minimum","Marginally significant","m","CR-Pa","Wet Days",1,"Threshold",0.01,0.780610379662935,0.581471914333799,1.04783062254004,0.22,"GMin","  0.010","0.781","GMin (  0.010d)
OR = 0.781m","Model B",NA
-0.870247102509218,107.589658048374,0.951922901627251,0.900331758357317,1.00644697965554,0.912410338977026,0.993133241047365,0.918648935033546,0.986392735770065,0.0480770983727485,"Rapid change","Significant","*","CR-Pa","Wet Days",1,"Threshold",107.589658048374,0.951922901627251,0.912410338977026,0.993133241047365,0.22,"Rap","107.590","0.952","Rap (107.590d)
OR = 0.952*","Model B",NA
0.989250603851201,192.160133444537,1.05235406738499,0.995541046144394,1.11241629134677,1.00884074481121,1.0977482210659,1.01571037800445,1.09032255634857,0.052354067384994,"Global maximum","Significant","*","CR-Pa","Wet Days",1,"Threshold",192.160133444537,1.05235406738499,1.00884074481121,1.0977482210659,0.22,"GMax","192.160","1.052","GMax (192.160d)
OR = 1.052*","Model B",NA
6.58665293548436,3200,1.26156817804712,1.04388764790729,1.52457319764015,1.09225747745415,1.45708587121514,1.11785116857389,1.42373614495115,0.261568178047125,"Global maximum","Highly significant","**","CR-Pa","Precipitation",1,"Threshold",3200,1.26156817804712,1.09225747745415,1.45708587121514,0.19,"GMax","3200","1.262","GMax (3200mm)
OR = 1.262**","Model B",NA
1.98269158191091,1566.63886572143,0.895334476196422,0.830999903791833,0.964639303355169,0.845951538563266,0.947594249343853,0.853700706577658,0.938994530847755,0.104665523803578,"Global minimum","Highly significant","**","CR-Pa","Precipitation",1,"Threshold",1566.63886572143,0.895334476196422,0.845951538563266,0.947594249343853,0.19,"GMin","1566.639","0.895","GMin (1566.639mm)
OR = 0.895**","Model B",NA
-0.529927849614472,675.229357798165,1.03656156118942,1.0065178499282,1.06745330046668,1.0136260031145,1.05998806858937,1.01727928302337,1.05618966626441,0.0365615611894234,"Maximum","Highly significant","**","CR-Pa","Precipitation",1,"Threshold",675.229357798165,1.03656156118942,1.0136260031145,1.05998806858937,0.19,"Max"," 675.229","1.037","Max ( 675.229mm)
OR = 1.037**","Model B",NA
