"P10","P50","P90","OR_P10","OR_P50","OR_P90","ORratio","DlogOR","Dir","Source","Bacteria","Mode","CV"
3.9,10.6,20.8,1.03306556354943,1.10368818534687,0.792035497411548,0.766684637798063,-0.265679725401563,-1,"Primary","3GCR-Ec","full","Temperature"
526,754.5,1327,1.09034898707519,1.07063379056953,0.854119433867009,0.783345006040813,-0.244182059294368,-1,"Primary","3GCR-Ec","full","Precipitation"
64.74725,75.818,82.017,0.999998237661788,1.00000034257798,1.00000153844831,1.00000330079234,3.30078689350588e-06,1,"Primary","3GCR-Ec","full","Humidity"
75,156.7,204.9,0.9167286817619,0.994567841150254,0.900285858903029,0.982063588512068,-0.0180992186385176,-1,"Primary","3GCR-Ec","full","WetDays"
3.83,10.6,20.94,1.06876132085426,1.10026841108429,0.783796720297342,0.733369279935068,-0.310105911411913,-1,"Primary","3GCR-Ec","common","Temperature"
525.3,750.95,1309.1,1.13489897589359,1.0609600647425,0.876317816648096,0.772154910051007,-0.258570088399191,-1,"Primary","3GCR-Ec","common","Precipitation"
64.658875,75.7735,81.8432,0.990763724059507,0.991608223715651,1.00843755312701,1.01783859121838,0.017681350761891,1,"Primary","3GCR-Ec","common","Humidity"
74.02,156.15,201.75,1.06520095134304,0.96565831261702,0.870790095637752,0.817489032975265,-0.201517791621491,-1,"Primary","3GCR-Ec","common","WetDays"
4.1752,10.4337,20.5205,1.04803104714396,1.09470153879927,0.82304434395904,0.785324391106502,-0.241658409480309,-1,"ERA5","3GCR-Ec","full","Temperature"
600.3021,866.9448,1410.074,1.03579685343849,1.05784222581321,0.899622564452604,0.868531856865722,-0.140951013644701,-1,"ERA5","3GCR-Ec","full","Precipitation"
64.74725,75.818,82.017,1.18328509736316,0.948396305194311,0.872109976721068,0.737024389696517,-0.305134294129355,-1,"ERA5","3GCR-Ec","full","Humidity"
153.7674,237.5889,281.5814,0.726551775105524,1.06426195441969,1.18803314003899,1.63516652322051,0.491744648227487,1,"ERA5","3GCR-Ec","full","WetDays"
4.12739,10.41135,20.58469,1.10987644216424,1.09355509216329,0.794310808771548,0.715674987409099,-0.334529143277667,-1,"ERA5","3GCR-Ec","common","Temperature"
600.14768,862.9046,1390.60155,1.05290442054049,1.06535107404051,0.95265874986009,0.904791290904694,-0.10005097966345,-1,"ERA5","3GCR-Ec","common","Precipitation"
64.658875,75.7735,81.8432,1.20541070786817,0.918644041116178,0.871913782630039,0.723333364253968,-0.323885078368322,-1,"ERA5","3GCR-Ec","common","Humidity"
152.05443,236.9417,280.22787,0.727726737851653,1.06513162659857,1.18381500068127,1.62673011599938,0.486571936173567,1,"ERA5","3GCR-Ec","common","WetDays"
3.2051,9.9936,21.1263,0.976209720187524,1.08232994270843,0.859362129663464,0.880304827838003,-0.127487036220417,-1,"MERRA2","3GCR-Ec","full","Temperature"
523.7668,799.048,1305.4854,1.05047700236618,1.04660213953198,0.883137364097135,0.840701283424469,-0.173518874227957,-1,"MERRA2","3GCR-Ec","full","Precipitation"
66.6089,80.2246,88.8433,1.08292134686706,0.983004090234099,0.924380171916511,0.853598624305248,-0.158294190634542,-1,"MERRA2","3GCR-Ec","full","Humidity"
150.2081,240.7313,310.7776,0.729194826813429,0.986192178935687,1.21748475804453,1.66962890201089,0.512601387370659,1,"MERRA2","3GCR-Ec","full","WetDays"
3.19649,9.9638,21.08692,1.04860403439988,1.07380725701216,0.836617022393157,0.797838836155114,-0.225848661634307,-1,"MERRA2","3GCR-Ec","common","Temperature"
523.34372,796.57075,1278.5088,1.06312236987494,1.06502516861422,0.924348312490808,0.869465584285982,-0.139876527010849,-1,"MERRA2","3GCR-Ec","common","Precipitation"
66.51034,80.1485,88.87746,1.14298987883423,0.972018084151534,0.87673327451895,0.767052526670804,-0.265199996686215,-1,"MERRA2","3GCR-Ec","common","Humidity"
149.8553,239.70265,310.53415,0.749300965869788,0.952535832561776,1.25999478549329,1.68156033808216,0.519722135040656,1,"MERRA2","3GCR-Ec","common","WetDays"
6.38,10.8,22.6,0.988292705237067,1.04532233941008,0.920485185339343,0.931389233636548,-0.0710780078344174,-1,"Primary","3GCR-Kp","full","Temperature"
524.26,757.9,1366.38,0.979573150321713,1.0305656529744,0.910479945968139,0.929466008402861,-0.073145042254943,-1,"Primary","3GCR-Kp","full","Precipitation"
63.8208,75.227,81.854,0.936471563716697,1.03096449018883,1.02849111080762,1.0982619768247,0.0937289091862013,1,"Primary","3GCR-Kp","full","Humidity"
71.74,154.6,203.08,0.999999422739665,0.999999646455223,1.00000122627619,1.00000180353757,1.80353594208377e-06,1,"Primary","3GCR-Kp","full","WetDays"
6.3,10.8,22.6,0.99199776433071,1.01583280246552,0.979909862410947,0.987814587537989,-0.0122602632806767,-1,"Primary","3GCR-Kp","common","Temperature"
522.73,752.3,1351.97,0.987009103006983,1.03580908950166,0.964482960651849,0.977177371225345,-0.023087096615195,-1,"Primary","3GCR-Kp","common","Precipitation"
63.746015,75.1695,81.6302,0.94770995853293,1.01705453616459,1.0275977030092,1.08429556295889,0.0809305254087603,1,"Primary","3GCR-Kp","common","Humidity"
71.09,154,197.99,0.999999736341978,0.999999831146753,1.0000005294658,1.00000079312403,7.93123712878706e-07,1,"Primary","3GCR-Kp","common","WetDays"
6.38804,10.6814,22.17212,0.975913107428105,1.05098795841389,0.916709326263511,0.939334987188954,-0.062583114523596,-1,"ERA5","3GCR-Kp","full","Temperature"
594.96388,866.9448,1415.13682,0.960164303906262,1.03718875925989,0.916214675135521,0.954226970746631,-0.0468537210023413,-1,"ERA5","3GCR-Kp","full","Precipitation"
63.8208,75.227,81.854,0.922189411958642,1.04405503342171,1.02906336403554,1.11589154103375,0.10965367378268,1,"ERA5","3GCR-Kp","full","Humidity"
148.74382,235.1866,280.04874,1.00000000109509,0.999999988256678,1.0000000035889,1.0000000024938,2.493802936087e-09,1,"ERA5","3GCR-Kp","full","WetDays"
6.33381,10.6287,22.26811,1.01415162431874,1.04282179005745,0.901259055478143,0.888682751046786,-0.118014967622889,-1,"ERA5","3GCR-Kp","common","Temperature"
594.43024,862.7179,1392.00951,0.969071140711951,1.02867635930264,0.98688503636051,1.01838244366195,0.0182155289745507,1,"ERA5","3GCR-Kp","common","Precipitation"
63.746015,75.1695,81.6302,0.938845009137857,1.02932491314601,1.02732598730097,1.09424449967984,0.0900641705099467,1,"ERA5","3GCR-Kp","common","Humidity"
148.09354,234.3975,278.10158,1.0000000113471,0.999999993991329,0.999999996216732,0.999999984869629,-1.51303710099295e-08,-1,"ERA5","3GCR-Kp","common","WetDays"
5.72154,10.294,22.78356,1.00049568236535,1.03617048762385,0.916268856224748,0.915814902927445,-0.0879410057670168,-1,"MERRA2","3GCR-Kp","full","Temperature"
518.61118,796.5651,1274.21396,0.984690939166578,1.04524558875818,0.933139385391576,0.947646970511749,-0.0537732400579193,-1,"MERRA2","3GCR-Kp","full","Precipitation"
65.4369,79.4369,88.29736,0.948545687664874,1.02511621013627,1.0097941077765,1.06457086981483,0.0625717788185973,1,"MERRA2","3GCR-Kp","full","Humidity"
149.04666,236.8348,304.5012,0.999999476213569,1.00000001025821,1.00000046787042,1.00000099165737,9.91656882911923e-07,1,"MERRA2","3GCR-Kp","full","WetDays"
5.65245,10.2221,22.78886,1.01355862465933,1.03051037157876,0.921369361713951,0.909043975649298,-0.0953618079228058,-1,"MERRA2","3GCR-Kp","common","Temperature"
516.77528,784.54075,1227.73092,0.990324682355894,1.03663218962809,0.978027180767355,0.987582353739498,-0.0124953894922327,-1,"MERRA2","3GCR-Kp","common","Precipitation"
65.37965,79.28715,88.31596,0.999999622221707,1.00000007963398,1.00000018962673,1.00000056740524,5.67405081119532e-07,1,"MERRA2","3GCR-Kp","common","Humidity"
148.93295,235.4427,304.38765,0.996441990841717,0.999956028914886,1.00331817844563,1.00690074050182,0.00687703936653345,1,"MERRA2","3GCR-Kp","common","WetDays"
7.7,11.25,24.44,0.756374212068298,0.989479165034339,1.34112717803699,1.77310008278798,0.572729473771901,1,"Primary","CR-Ab","full","Temperature"
532.72,752.15,1569.51,0.96115100186634,0.960285916200222,1.11733653807781,1.16249843771498,0.150571514577382,1,"Primary","CR-Ab","full","Precipitation"
60.8455,73.62,81.7897,0.999999624128851,1.00000003681526,1.00000026599807,1.00000064186946,6.41869256258502e-07,1,"Primary","CR-Ab","full","Humidity"
68.8,143.2,199.74,1.01584567055021,1.02638607363862,0.945085076104132,0.930343164815821,-0.0722017664709218,-1,"Primary","CR-Ab","full","WetDays"
7.66,11.4,24.54,0.748207444392688,0.993857897832811,1.38555483122049,1.85183245850371,0.616175666960986,1,"Primary","CR-Ab","common","Temperature"
531.36,744.2,1366.32,0.960231913812237,0.963683211290286,1.05547004404947,1.09918242548211,0.0945666538957164,1,"Primary","CR-Ab","common","Precipitation"
60.5374,73.413,81.2312,0.99999997435201,1.00000002679572,0.999999984041287,1.00000000968928,9.68927713791158e-09,1,"Primary","CR-Ab","common","Humidity"
67.9,141.5,195.92,1.01859560800571,1.02022278293679,0.950353053482358,0.93300329003287,-0.0693465518464013,-1,"Primary","CR-Ab","common","WetDays"
7.42131,11.41805,24.40727,0.783583105305342,1.00772599407875,1.19186613224651,1.5210462351432,0.419398410673929,1,"ERA5","CR-Ab","full","Temperature"
609.08972,861.2543,1649.57348,0.952759746810782,0.957938334601273,1.10224665355554,1.15689884805182,0.145743018332462,1,"ERA5","CR-Ab","full","Precipitation"
60.8455,73.62,81.7897,1.00000019578921,1.00000001684903,0.99999981422756,0.999999618438428,-3.81561644589825e-07,-1,"ERA5","CR-Ab","full","Humidity"
157.57478,227.24515,284.29929,1.10543675726392,1.01312035772753,0.916275692360646,0.828881151580783,-0.187678497718132,-1,"ERA5","CR-Ab","full","WetDays"
7.35784,11.2883,24.52288,0.801986792485979,1.00735547728131,1.24493177122117,1.55230956779495,0.439743865656179,1,"ERA5","CR-Ab","common","Temperature"
605.22362,859.2784,1478.22002,0.944121117929001,0.961925186676943,1.0832705809988,1.14738518229,0.137485598939788,1,"ERA5","CR-Ab","common","Precipitation"
60.5374,73.413,81.2312,1.00000037986914,1.00000001504181,0.999999674260926,0.99999929439205,-7.05608199201511e-07,-1,"ERA5","CR-Ab","common","Humidity"
157.05888,223.8522,278.24706,1.11790410348553,0.999195976743001,0.912061355325647,0.815867257738759,-0.203503611590692,-1,"ERA5","CR-Ab","common","WetDays"
6.56395,10.943,24.15015,0.977401504595325,0.992324140845251,1.03876944993017,1.06278683329862,0.0608945461352295,1,"MERRA2","CR-Ab","full","Temperature"
549.3572,804.39215,1428.08606,0.999999866328274,0.999999929397653,1.00000016576942,1.00000029944118,2.99441138741836e-07,1,"MERRA2","CR-Ab","full","Precipitation"
61.82402,77.35335,87.8102,1.06459531880712,0.99721297917922,0.949641246675622,0.892020873940811,-0.114265745396997,-1,"MERRA2","CR-Ab","full","Humidity"
149.84494,226.44205,300.75949,1.12280069650643,0.949136894031495,1.06008647740313,0.944144834164748,-0.0574756985832258,-1,"MERRA2","CR-Ab","full","WetDays"
6.52326,10.8245,24.24986,0.999986889569261,0.999999705585555,1.00000770392632,1.00002081462995,2.08144133277217e-05,1,"MERRA2","CR-Ab","common","Temperature"
545.77716,796.5764,1314.04492,0.999999888622189,0.999999954978391,1.00000011189532,1.00000022327316,2.23273130814898e-07,1,"MERRA2","CR-Ab","common","Precipitation"
61.68582,76.6825,87.82804,1.09720439482023,0.987851755222903,0.973837917222942,0.887562902427583,-0.119275884169409,-1,"MERRA2","CR-Ab","common","Humidity"
149.49138,224.9556,299.0088,1.14635405007107,0.97880385057291,0.934377270051412,0.815086115841337,-0.204461507714278,-1,"MERRA2","CR-Ab","common","WetDays"
4.4,10.6,20.7,1.04000085866769,1.0098425183771,0.958077650868973,0.921227749846605,-0.0820479879042014,-1,"Primary","CR-Ec","full","Temperature"
512.1,744.2,1355.4,0.992001316262057,0.996556753324469,1.00864862238121,1.01678153632082,0.0166422821137813,1,"Primary","CR-Ec","full","Precipitation"
63.976,75.592,81.907,1.00000041180283,0.999999487980134,1.0000000322956,0.999999620492925,-3.79507146927027e-07,-1,"Primary","CR-Ec","full","Humidity"
68.5,155.8,205.1,0.977579309898208,1.01377229208444,0.974618674969712,0.996971463186138,-0.00303313211184275,-1,"Primary","CR-Ec","full","WetDays"
4.33,10.6,20.7,1.04243373147163,1.01166235487026,0.955310320998434,0.916423070510003,-0.0872771535669105,-1,"Primary","CR-Ec","common","Temperature"
511.61,741,1325.02,0.999996355408,0.999996696335726,1.00000383595726,1.00000748057653,7.48054854841463e-06,1,"Primary","CR-Ec","common","Precipitation"
63.92,75.4975,81.7897,0.9999999533154,0.999999923412921,1.00000013153158,1.00000017821619,1.78216173474311e-07,1,"Primary","CR-Ec","common","Humidity"
67.73,155.5,201.37,0.96869208369265,1.01403884455244,0.986259890379841,1.01813559435752,0.0179731060732764,1,"Primary","CR-Ec","common","WetDays"
4.8094,10.494,20.3962,1.02325581216802,1.01151636777075,0.968496088330289,0.94648481524702,-0.0550003515179532,-1,"ERA5","CR-Ec","full","Temperature"
581.5684,860.9054,1394.4355,0.987025043615355,0.996061348238072,1.01449378127849,1.02782982847377,0.0274496168261795,1,"ERA5","CR-Ec","full","Precipitation"
63.976,75.592,81.907,1.00000013398129,0.999999912445938,0.999999926572896,0.999999792591634,-2.07408387069262e-07,-1,"ERA5","CR-Ec","full","Humidity"
148.1707,236.3129,280.7769,1.01395721277897,1.00871537168286,0.979857066987783,0.966369245801082,-0.0342092757753872,-1,"ERA5","CR-Ec","full","WetDays"
4.66723,10.4655,20.31974,1.02422271399899,1.01127077912439,0.967883558904603,0.944993257497275,-0.0565774864373663,-1,"ERA5","CR-Ec","common","Temperature"
576.22677,857.13065,1368.99349,0.986667451357104,0.99565702973768,1.01230924120854,1.02598827985677,0.0256563235417802,1,"ERA5","CR-Ec","common","Precipitation"
63.92,75.4975,81.7897,1.00000018114801,0.999999904994023,0.999999901300318,0.999999720152361,-2.79847678484722e-07,-1,"ERA5","CR-Ec","common","Humidity"
147.99066,235.3374,278.71639,1.01437624854792,1.00830004531718,0.980162467317474,0.966271113623353,-0.03431082822133,-1,"ERA5","CR-Ec","common","WetDays"
3.677,10.087,21.0788,1.03643532936229,1.01567787154121,0.951901399265745,0.918437814978234,-0.0850810794188581,-1,"MERRA2","CR-Ec","full","Temperature"
510.1432,781.6064,1282.9824,0.999954570562166,0.999987326405875,1.00004763956335,1.00009307322945,9.30688984042039e-05,1,"MERRA2","CR-Ec","full","Precipitation"
65.6572,79.8556,88.7078,1.00000070665452,1.00000001148361,0.999999298327049,0.999998591673524,-1.40832746813383e-06,-1,"MERRA2","CR-Ec","full","Humidity"
149.6893,238.365,307.3002,0.998125405749946,1.0172496600119,0.979089895971964,0.980928739346456,-0.0192554628845477,-1,"MERRA2","CR-Ec","full","WetDays"
3.67168,10.0653,20.92403,1.03195459009253,1.01357264941262,0.958554524275034,0.928872775486261,-0.0737834973546205,-1,"MERRA2","CR-Ec","common","Temperature"
509.06226,779.90715,1246.81952,0.999998717073203,0.999999119349812,1.00000150545274,1.00000278838312,2.78837922924518e-06,1,"MERRA2","CR-Ec","common","Precipitation"
65.55129,79.77935,88.72656,1.00000210650315,1.00000016956727,0.99999782817846,0.999995721684323,-4.27832482936591e-06,-1,"MERRA2","CR-Ec","common","Humidity"
149.39439,237.95065,307.21797,0.99837674180424,1.01572644684567,0.98101324749936,0.982608274434057,-0.0175447383243063,-1,"MERRA2","CR-Ec","common","WetDays"
6.7,10.8,21.5,0.907348959168207,0.936582240273824,1.23261547796305,1.35848007043841,0.30636647950681,1,"Primary","CR-Kp","full","Temperature"
519.5,746.6,1376,1.02940552815087,1.03171044132866,0.93364416544645,0.906974112644961,-0.09764137101086,-1,"Primary","CR-Kp","full","Precipitation"
63.347,75.227,81.866,0.991653012862156,1.00153137336714,1.00704501005739,1.01552155541867,0.0154023282223536,1,"Primary","CR-Kp","full","Humidity"
67,154.7,203.8,0.871448595608025,0.94072713378604,0.980308134007946,1.12491791133586,0.117710065292652,1,"Primary","CR-Kp","full","WetDays"
6.56,10.8,21.57,0.89517822179351,0.933961458436788,1.23545810498903,1.38012529227282,0.322174286549858,1,"Primary","CR-Kp","common","Temperature"
517.96,743.45,1353.93,1.0454791272402,1.02027158681088,0.955615808682988,0.914045803291712,-0.0898745957729765,-1,"Primary","CR-Kp","common","Precipitation"
63.2091,75.1695,81.7038,0.998375849196454,1.00030524165396,1.00135949815748,1.00298850274016,0.0029840460428701,1,"Primary","CR-Kp","common","Humidity"
66.93,154.15,198.11,0.894755273577976,0.937943769321,0.959823131648688,1.07272140214443,0.0701987860810454,1,"Primary","CR-Kp","common","WetDays"
6.4777,10.6814,20.8143,0.925535148787205,0.994845393495461,1.08324289753436,1.17039628257642,0.157342394519501,1,"ERA5","CR-Kp","full","Temperature"
581.5684,861.3604,1397.9231,0.937932114224439,1.02048853416595,0.988941307788182,1.05438473935389,0.0529574113627076,1,"ERA5","CR-Kp","full","Precipitation"
63.347,75.227,81.866,0.999999806601662,0.999999354472401,1.00000033805015,1.00000053144859,5.31448446670744e-07,1,"ERA5","CR-Kp","full","Humidity"
147.2375,234.8414,279.3861,0.975317521979596,0.995652817460068,1.02027447819159,1.04609468731859,0.0450638847948812,1,"ERA5","CR-Kp","full","WetDays"
6.42863,10.6287,20.85105,0.947718618712186,0.998109548306316,1.04240382118803,1.09990855999485,0.0952270490716551,1,"ERA5","CR-Kp","common","Temperature"
576.22677,860.4055,1368.99349,0.961630203828604,1.01735085196564,1.01797690233903,1.05859497578809,0.0569425343395062,1,"ERA5","CR-Kp","common","Precipitation"
63.2091,75.1695,81.7038,1.00000417410491,0.999988588551544,1.00000110909091,0.999996934998802,-3.06500589476613e-06,-1,"ERA5","CR-Kp","common","Humidity"
145.83939,234.2171,277.98227,0.999997316327936,0.999999635178584,1.00000214251118,1.00000482619619,4.82618454615014e-06,1,"ERA5","CR-Kp","common","WetDays"
5.7687,10.294,21.3334,0.90486350860919,0.969587398925604,1.15379682165677,1.27510592556683,0.24302925403548,1,"MERRA2","CR-Kp","full","Temperature"
510.1432,781.6064,1248.0764,0.999999814950535,1.00000001703179,1.00000013362535,1.00000031867488,3.18674824950969e-07,1,"MERRA2","CR-Kp","full","Precipitation"
65.0632,79.4375,88.2716,1.14233758670986,0.983862482686701,0.897812898913609,0.785943585643081,-0.240870263119798,-1,"MERRA2","CR-Kp","full","Humidity"
148.1938,237.093,304.2741,0.923114335805282,0.992022326854367,1.08487867261944,1.17523759575572,0.161470336308413,1,"MERRA2","CR-Kp","full","WetDays"
5.75043,10.2221,21.3074,0.909965109536284,0.970841449129926,1.13114531408758,1.24306448921322,0.217579693092025,1,"MERRA2","CR-Kp","common","Temperature"
509.06226,779.90715,1221.74063,0.999999403368309,1.00000009793397,1.00000047832183,1.00000107495416,1.07495358611742e-06,1,"MERRA2","CR-Kp","common","Precipitation"
64.98417,79.30355,88.27489,1.14469241160669,0.978461203436726,0.907064419166659,0.79240886894105,-0.232677771715266,-1,"MERRA2","CR-Kp","common","Humidity"
148.11148,236.03165,304.25079,0.941479561308925,0.991042214349626,1.06774916245666,1.13411826059419,0.125855486106389,1,"MERRA2","CR-Kp","common","WetDays"
4.79,10.5,19.94,0.976951632121404,0.985522146597712,1.0482972049375,1.07302876669664,0.0704852728853128,1,"Primary","CR-Pa","full","Temperature"
539.48,749.9,1313.95,1.04254231068594,1.04775187255175,0.89351216642805,0.857051226861154,-0.154257587537004,-1,"Primary","CR-Pa","full","Precipitation"
64.658875,75.4565,81.8772,1.0000002720853,0.999999944390139,0.999999859665411,0.999999587580219,-4.12419866290226e-07,-1,"Primary","CR-Pa","full","Humidity"
79.06,155.65,204.22,0.8216030700536,1.06446303894756,1.07170139919481,1.30440286588133,0.265745362018417,1,"Primary","CR-Pa","full","WetDays"
4.55,10.6,20.05,0.991036273694763,0.975956214026532,1.05595860260189,1.06550953848045,0.0634531246332609,1,"Primary","CR-Pa","common","Temperature"
538.85,744.5,1282.05,1.01769538767194,1.05192028062213,0.92195821574256,0.905927477819871,-0.098796022699488,-1,"Primary","CR-Pa","common","Precipitation"
64.5085,75.2215,81.774,1.06317501794329,0.992077004335805,0.971948928661756,0.914194664338508,-0.0897117495284465,-1,"Primary","CR-Pa","common","Humidity"
78,155.1,198.75,0.853390634896982,1.0514427945349,1.05053175609259,1.23100923906835,0.207834352509935,1,"Primary","CR-Pa","common","WetDays"
5.12245,10.5121,20.15314,0.991027880043616,0.983338399755902,1.02039510873992,1.02963310042802,0.0292025256058854,1,"ERA5","CR-Pa","full","Temperature"
626.12896,862.9046,1339.92943,0.992927955397635,1.06505881219464,0.899893729113868,0.906303145381267,-0.0983814313533673,-1,"ERA5","CR-Pa","full","Precipitation"
64.658875,75.4565,81.8772,1.03612751988743,1.01633378004837,0.96405982173244,0.930445146208627,-0.0720921555148515,-1,"ERA5","CR-Pa","full","Humidity"
160.48906,235.014,280.30942,1.00000136153477,1.00000198681073,0.999996707214678,0.999995345686244,-4.65432458723133e-06,-1,"ERA5","CR-Pa","full","WetDays"
4.9141,10.46795,19.99655,0.954725167646035,0.973929297453291,1.09728306974148,1.14931826134523,0.139168950368612,1,"ERA5","CR-Pa","common","Temperature"
623.94975,861.2543,1312.8086,1.02524435370818,1.06602409205079,0.933059027242411,0.910084531426727,-0.0942177921076837,-1,"ERA5","CR-Pa","common","Precipitation"
64.5085,75.2215,81.774,1.0436367346039,0.99584533159312,0.980996704969514,0.939979087016177,-0.0618976518207057,-1,"ERA5","CR-Pa","common","Humidity"
160.1051,234.06325,278.1483,0.959403060370601,1.02691453529887,1.01213866390346,1.05496709955511,0.0535095811859351,1,"ERA5","CR-Pa","common","WetDays"
4.26011,9.97865,20.78047,1.00869020239243,0.975713094003914,1.04170506000291,1.03273042360496,0.0322061915159059,1,"MERRA2","CR-Pa","full","Temperature"
540.79494,782.4658,1221.74063,1.01135543811171,1.04806149100466,0.917343989384171,0.90704410617194,-0.0975642014143396,-1,"MERRA2","CR-Pa","full","Precipitation"
66.95792,79.57035,88.49709,1.07740881043973,1.03182500520095,0.877966601460257,0.814887156066531,-0.204705634141653,-1,"MERRA2","CR-Pa","full","Humidity"
151.52498,237.79765,304.53905,0.960135132088435,1.00271867296968,1.03471536456582,1.07767680817507,0.0748076206480485,1,"MERRA2","CR-Pa","full","WetDays"
3.95105,9.93845,20.29645,1.01633554864559,0.985571236716861,1.01583052380521,0.99950309241761,-0.000497031081875772,-1,"MERRA2","CR-Pa","common","Temperature"
538.29975,780.28085,1171.1417,1.01874887590784,1.05039558376205,0.922938636289181,0.905953035252893,-0.0987678117519792,-1,"MERRA2","CR-Pa","common","Precipitation"
66.89005,79.38525,88.5215,1.06160235511998,1.02318838933667,0.907665569421729,0.854995813681238,-0.156658706336617,-1,"MERRA2","CR-Pa","common","Humidity"
151.26595,236.77515,304.46335,0.985152393387086,1.00097027265937,1.01286996232158,1.02813531096362,0.027746783822094,1,"MERRA2","CR-Pa","common","WetDays"
